<?xml version="1.0" encoding="utf-8"?>
<cwbopendata xmlns="urn:cwb:gov:tw:cwbcommon:0.1">
  <identifier>3de95ad0-dca0-4f16-9c88-f6c471057b07</identifier>
  <sender>weather@cwb.gov.tw</sender>
  <sent>2021-05-13T06:36:51+08:00</sent>
  <status>Actual</status>
  <scope>Public</scope>
  <msgType>Issue</msgType>
  <dataid>null</dataid>
  <source>MFC</source>
  <dataset>
    <datasetInfo>
      <datasetDescription>臺灣各縣市鄉鎮未來1週逐24小時天氣預報</datasetDescription>
      <datasetLanguage>zh-TW</datasetLanguage>
      <issueTime>2021-05-13T05:00:00+08:00</issueTime>
      <validTime>
        <startTime>2021-05-13T06:00:00+08:00</startTime>
        <endTime>2021-05-21T05:00:00+08:00</endTime>
      </validTime>
      <update>2021-05-13T06:36:51+08:00</update>
    </datasetInfo>
    <locations>
      <locationsName>嘉義市</locationsName>
      <location>
        <locationName>東區</locationName>
        <geocode>10020010</geocode>
        <lat>23.480384</lat>
        <lon>120.445361</lon>
        <weatherElement>
          <elementName>T</elementName>
          <description>平均溫度</description>
          <time>
            <startTime>2021-05-13T06:00:00+08:00</startTime>
            <endTime>2021-05-14T00:00:00+08:00</endTime>
            <elementValue>
              <value>31</value>
              <measures>攝氏度</measures>
            </elementValue>
          </time>
          <time>
            <startTime>2021-05-14T00:00:00+08:00</startTime>
            <endTime>2021-05-15T00:00:00+08:00</endTime>
            <elementValue>
              <value>30</value>
              <measures>攝氏度</measures>
            </elementValue>
          </time>
          <time>
            <startTime>2021-05-15T00:00:00+08:00</startTime>
            <endTime>2021-05-16T00:00:00+08:00</endTime>
            <elementValue>
              <value>30</value>
              <measures>攝氏度</measures>
            </elementValue>
          </time>
          <time>
            <startTime>2021-05-16T00:00:00+08:00</startTime>
            <endTime>2021-05-17T00:00:00+08:00</endTime>
            <elementValue>
              <value>30</value>
              <measures>攝氏度</measures>
            </elementValue>
          </time>
          <time>
            <startTime>2021-05-17T00:00:00+08:00</startTime>
            <endTime>2021-05-18T00:00:00+08:00</endTime>
            <elementValue>
              <value>30</value>
              <measures>攝氏度</measures>
            </elementValue>
          </time>
          <time>
            <startTime>2021-05-18T00:00:00+08:00</startTime>
            <endTime>2021-05-19T00:00:00+08:00</endTime>
            <elementValue>
              <value>29</value>
              <measures>攝氏度</measures>
            </elementValue>
          </time>
          <time>
            <startTime>2021-05-19T00:00:00+08:00</startTime>
            <endTime>2021-05-20T00:00:00+08:00</endTime>
            <elementValue>
              <value>28</value>
              <measures>攝氏度</measures>
            </elementValue>
          </time>
        </weatherElement>
        <weatherElement>
          <elementName>Td</elementName>
          <description>平均露點溫度</description>
          <time>
            <startTime>2021-05-13T06:00:00+08:00</startTime>
            <endTime>2021-05-14T00:00:00+08:00</endTime>
            <elementValue>
              <value>23</value>
              <measures>攝氏度</measures>
            </elementValue>
          </time>
          <time>
            <startTime>2021-05-14T00:00:00+08:00</startTime>
            <endTime>2021-05-15T00:00:00+08:00</endTime>
            <elementValue>
              <value>23</value>
              <measures>攝氏度</measures>
            </elementValue>
          </time>
          <time>
            <startTime>2021-05-15T00:00:00+08:00</startTime>
            <endTime>2021-05-16T00:00:00+08:00</endTime>
            <elementValue>
              <value>24</value>
              <measures>攝氏度</measures>
            </elementValue>
          </time>
          <time>
            <startTime>2021-05-16T00:00:00+08:00</startTime>
            <endTime>2021-05-17T00:00:00+08:00</endTime>
            <elementValue>
              <value>25</value>
              <measures>攝氏度</measures>
            </elementValue>
          </time>
          <time>
            <startTime>2021-05-17T00:00:00+08:00</startTime>
            <endTime>2021-05-18T00:00:00+08:00</endTime>
            <elementValue>
              <value>25</value>
              <measures>攝氏度</measures>
            </elementValue>
          </time>
          <time>
            <startTime>2021-05-18T00:00:00+08:00</startTime>
            <endTime>2021-05-19T00:00:00+08:00</endTime>
            <elementValue>
              <value>24</value>
              <measures>攝氏度</measures>
            </elementValue>
          </time>
          <time>
            <startTime>2021-05-19T00:00:00+08:00</startTime>
            <endTime>2021-05-20T00:00:00+08:00</endTime>
            <elementValue>
              <value>23</value>
              <measures>攝氏度</measures>
            </elementValue>
          </time>
        </weatherElement>
        <weatherElement>
          <elementName>RH</elementName>
          <description>平均相對濕度</description>
          <time>
            <startTime>2021-05-13T06:00:00+08:00</startTime>
            <endTime>2021-05-14T00:00:00+08:00</endTime>
            <elementValue>
              <value>63</value>
              <measures>百分比</measures>
            </elementValue>
          </time>
          <time>
            <startTime>2021-05-14T00:00:00+08:00</startTime>
            <endTime>2021-05-15T00:00:00+08:00</endTime>
            <elementValue>
              <value>68</value>
              <measures>百分比</measures>
            </elementValue>
          </time>
          <time>
            <startTime>2021-05-15T00:00:00+08:00</startTime>
            <endTime>2021-05-16T00:00:00+08:00</endTime>
            <elementValue>
              <value>70</value>
              <measures>百分比</measures>
            </elementValue>
          </time>
          <time>
            <startTime>2021-05-16T00:00:00+08:00</startTime>
            <endTime>2021-05-17T00:00:00+08:00</endTime>
            <elementValue>
              <value>73</value>
              <measures>百分比</measures>
            </elementValue>
          </time>
          <time>
            <startTime>2021-05-17T00:00:00+08:00</startTime>
            <endTime>2021-05-18T00:00:00+08:00</endTime>
            <elementValue>
              <value>74</value>
              <measures>百分比</measures>
            </elementValue>
          </time>
          <time>
            <startTime>2021-05-18T00:00:00+08:00</startTime>
            <endTime>2021-05-19T00:00:00+08:00</endTime>
            <elementValue>
              <value>75</value>
              <measures>百分比</measures>
            </elementValue>
          </time>
          <time>
            <startTime>2021-05-19T00:00:00+08:00</startTime>
            <endTime>2021-05-20T00:00:00+08:00</endTime>
            <elementValue>
              <value>75</value>
              <measures>百分比</measures>
            </elementValue>
          </time>
        </weatherElement>
        <weatherElement>
          <elementName>MaxT</elementName>
          <description>最高溫度</description>
          <time>
            <startTime>2021-05-13T06:00:00+08:00</startTime>
            <endTime>2021-05-14T00:00:00+08:00</endTime>
            <elementValue>
              <value>36</value>
              <measures>攝氏度</measures>
            </elementValue>
          </time>
          <time>
            <startTime>2021-05-14T00:00:00+08:00</startTime>
            <endTime>2021-05-15T00:00:00+08:00</endTime>
            <elementValue>
              <value>36</value>
              <measures>攝氏度</measures>
            </elementValue>
          </time>
          <time>
            <startTime>2021-05-15T00:00:00+08:00</startTime>
            <endTime>2021-05-16T00:00:00+08:00</endTime>
            <elementValue>
              <value>36</value>
              <measures>攝氏度</measures>
            </elementValue>
          </time>
          <time>
            <startTime>2021-05-16T00:00:00+08:00</startTime>
            <endTime>2021-05-17T00:00:00+08:00</endTime>
            <elementValue>
              <value>36</value>
              <measures>攝氏度</measures>
            </elementValue>
          </time>
          <time>
            <startTime>2021-05-17T00:00:00+08:00</startTime>
            <endTime>2021-05-18T00:00:00+08:00</endTime>
            <elementValue>
              <value>36</value>
              <measures>攝氏度</measures>
            </elementValue>
          </time>
          <time>
            <startTime>2021-05-18T00:00:00+08:00</startTime>
            <endTime>2021-05-19T00:00:00+08:00</endTime>
            <elementValue>
              <value>34</value>
              <measures>攝氏度</measures>
            </elementValue>
          </time>
          <time>
            <startTime>2021-05-19T00:00:00+08:00</startTime>
            <endTime>2021-05-20T00:00:00+08:00</endTime>
            <elementValue>
              <value>33</value>
              <measures>攝氏度</measures>
            </elementValue>
          </time>
        </weatherElement>
        <weatherElement>
          <elementName>MinT</elementName>
          <description>最低溫度</description>
          <time>
            <startTime>2021-05-13T06:00:00+08:00</startTime>
            <endTime>2021-05-14T00:00:00+08:00</endTime>
            <elementValue>
              <value>25</value>
              <measures>攝氏度</measures>
            </elementValue>
          </time>
          <time>
            <startTime>2021-05-14T00:00:00+08:00</startTime>
            <endTime>2021-05-15T00:00:00+08:00</endTime>
            <elementValue>
              <value>25</value>
              <measures>攝氏度</measures>
            </elementValue>
          </time>
          <time>
            <startTime>2021-05-15T00:00:00+08:00</startTime>
            <endTime>2021-05-16T00:00:00+08:00</endTime>
            <elementValue>
              <value>25</value>
              <measures>攝氏度</measures>
            </elementValue>
          </time>
          <time>
            <startTime>2021-05-16T00:00:00+08:00</startTime>
            <endTime>2021-05-17T00:00:00+08:00</endTime>
            <elementValue>
              <value>26</value>
              <measures>攝氏度</measures>
            </elementValue>
          </time>
          <time>
            <startTime>2021-05-17T00:00:00+08:00</startTime>
            <endTime>2021-05-18T00:00:00+08:00</endTime>
            <elementValue>
              <value>25</value>
              <measures>攝氏度</measures>
            </elementValue>
          </time>
          <time>
            <startTime>2021-05-18T00:00:00+08:00</startTime>
            <endTime>2021-05-19T00:00:00+08:00</endTime>
            <elementValue>
              <value>25</value>
              <measures>攝氏度</measures>
            </elementValue>
          </time>
          <time>
            <startTime>2021-05-19T00:00:00+08:00</startTime>
            <endTime>2021-05-20T00:00:00+08:00</endTime>
            <elementValue>
              <value>24</value>
              <measures>攝氏度</measures>
            </elementValue>
          </time>
        </weatherElement>
        <weatherElement>
          <elementName>MaxAT</elementName>
          <description>最高體感溫度</description>
          <time>
            <startTime>2021-05-13T06:00:00+08:00</startTime>
            <endTime>2021-05-14T00:00:00+08:00</endTime>
            <elementValue>
              <value>41</value>
              <measures>攝氏度</measures>
            </elementValue>
          </time>
          <time>
            <startTime>2021-05-14T00:00:00+08:00</startTime>
            <endTime>2021-05-15T00:00:00+08:00</endTime>
            <elementValue>
              <value>40</value>
              <measures>攝氏度</measures>
            </elementValue>
          </time>
          <time>
            <startTime>2021-05-15T00:00:00+08:00</startTime>
            <endTime>2021-05-16T00:00:00+08:00</endTime>
            <elementValue>
              <value>42</value>
              <measures>攝氏度</measures>
            </elementValue>
          </time>
          <time>
            <startTime>2021-05-16T00:00:00+08:00</startTime>
            <endTime>2021-05-17T00:00:00+08:00</endTime>
            <elementValue>
              <value>41</value>
              <measures>攝氏度</measures>
            </elementValue>
          </time>
          <time>
            <startTime>2021-05-17T00:00:00+08:00</startTime>
            <endTime>2021-05-18T00:00:00+08:00</endTime>
            <elementValue>
              <value>42</value>
              <measures>攝氏度</measures>
            </elementValue>
          </time>
          <time>
            <startTime>2021-05-18T00:00:00+08:00</startTime>
            <endTime>2021-05-19T00:00:00+08:00</endTime>
            <elementValue>
              <value>40</value>
              <measures>攝氏度</measures>
            </elementValue>
          </time>
          <time>
            <startTime>2021-05-19T00:00:00+08:00</startTime>
            <endTime>2021-05-20T00:00:00+08:00</endTime>
            <elementValue>
              <value>38</value>
              <measures>攝氏度</measures>
            </elementValue>
          </time>
        </weatherElement>
        <weatherElement>
          <elementName>MinAT</elementName>
          <description>最低體感溫度</description>
          <time>
            <startTime>2021-05-13T06:00:00+08:00</startTime>
            <endTime>2021-05-14T00:00:00+08:00</endTime>
            <elementValue>
              <value>28</value>
              <measures>攝氏度</measures>
            </elementValue>
          </time>
          <time>
            <startTime>2021-05-14T00:00:00+08:00</startTime>
            <endTime>2021-05-15T00:00:00+08:00</endTime>
            <elementValue>
              <value>28</value>
              <measures>攝氏度</measures>
            </elementValue>
          </time>
          <time>
            <startTime>2021-05-15T00:00:00+08:00</startTime>
            <endTime>2021-05-16T00:00:00+08:00</endTime>
            <elementValue>
              <value>28</value>
              <measures>攝氏度</measures>
            </elementValue>
          </time>
          <time>
            <startTime>2021-05-16T00:00:00+08:00</startTime>
            <endTime>2021-05-17T00:00:00+08:00</endTime>
            <elementValue>
              <value>29</value>
              <measures>攝氏度</measures>
            </elementValue>
          </time>
          <time>
            <startTime>2021-05-17T00:00:00+08:00</startTime>
            <endTime>2021-05-18T00:00:00+08:00</endTime>
            <elementValue>
              <value>28</value>
              <measures>攝氏度</measures>
            </elementValue>
          </time>
          <time>
            <startTime>2021-05-18T00:00:00+08:00</startTime>
            <endTime>2021-05-19T00:00:00+08:00</endTime>
            <elementValue>
              <value>28</value>
              <measures>攝氏度</measures>
            </elementValue>
          </time>
          <time>
            <startTime>2021-05-19T00:00:00+08:00</startTime>
            <endTime>2021-05-20T00:00:00+08:00</endTime>
            <elementValue>
              <value>27</value>
              <measures>攝氏度</measures>
            </elementValue>
          </time>
        </weatherElement>
        <weatherElement>
          <elementName>MaxCI</elementName>
          <description>最大舒適度指數</description>
          <time>
            <startTime>2021-05-13T06:00:00+08:00</startTime>
            <endTime>2021-05-14T00:00:00+08:00</endTime>
            <elementValue>
              <value>34</value>
              <measures>NA</measures>
            </elementValue>
            <elementValue>
              <value>易中暑</value>
              <measures>自定義 CI 文字</measures>
            </elementValue>
          </time>
          <time>
            <startTime>2021-05-14T00:00:00+08:00</startTime>
            <endTime>2021-05-15T00:00:00+08:00</endTime>
            <elementValue>
              <value>30</value>
              <measures>NA</measures>
            </elementValue>
            <elementValue>
              <value>悶熱</value>
              <measures>自定義 CI 文字</measures>
            </elementValue>
          </time>
          <time>
            <startTime>2021-05-15T00:00:00+08:00</startTime>
            <endTime>2021-05-16T00:00:00+08:00</endTime>
            <elementValue>
              <value>31</value>
              <measures>NA</measures>
            </elementValue>
            <elementValue>
              <value>易中暑</value>
              <measures>自定義 CI 文字</measures>
            </elementValue>
          </time>
          <time>
            <startTime>2021-05-16T00:00:00+08:00</startTime>
            <endTime>2021-05-17T00:00:00+08:00</endTime>
            <elementValue>
              <value>31</value>
              <measures>NA</measures>
            </elementValue>
            <elementValue>
              <value>易中暑</value>
              <measures>自定義 CI 文字</measures>
            </elementValue>
          </time>
          <time>
            <startTime>2021-05-17T00:00:00+08:00</startTime>
            <endTime>2021-05-18T00:00:00+08:00</endTime>
            <elementValue>
              <value>31</value>
              <measures>NA</measures>
            </elementValue>
            <elementValue>
              <value>易中暑</value>
              <measures>自定義 CI 文字</measures>
            </elementValue>
          </time>
          <time>
            <startTime>2021-05-18T00:00:00+08:00</startTime>
            <endTime>2021-05-19T00:00:00+08:00</endTime>
            <elementValue>
              <value>30</value>
              <measures>NA</measures>
            </elementValue>
            <elementValue>
              <value>悶熱</value>
              <measures>自定義 CI 文字</measures>
            </elementValue>
          </time>
          <time>
            <startTime>2021-05-19T00:00:00+08:00</startTime>
            <endTime>2021-05-20T00:00:00+08:00</endTime>
            <elementValue>
              <value>29</value>
              <measures>NA</measures>
            </elementValue>
            <elementValue>
              <value>悶熱</value>
              <measures>自定義 CI 文字</measures>
            </elementValue>
          </time>
        </weatherElement>
        <weatherElement>
          <elementName>MinCI</elementName>
          <description>最小舒適度指數</description>
          <time>
            <startTime>2021-05-13T06:00:00+08:00</startTime>
            <endTime>2021-05-14T00:00:00+08:00</endTime>
            <elementValue>
              <value>24</value>
              <measures>NA</measures>
            </elementValue>
            <elementValue>
              <value>舒適</value>
              <measures>自定義 CI 文字</measures>
            </elementValue>
          </time>
          <time>
            <startTime>2021-05-14T00:00:00+08:00</startTime>
            <endTime>2021-05-15T00:00:00+08:00</endTime>
            <elementValue>
              <value>24</value>
              <measures>NA</measures>
            </elementValue>
            <elementValue>
              <value>舒適</value>
              <measures>自定義 CI 文字</measures>
            </elementValue>
          </time>
          <time>
            <startTime>2021-05-15T00:00:00+08:00</startTime>
            <endTime>2021-05-16T00:00:00+08:00</endTime>
            <elementValue>
              <value>24</value>
              <measures>NA</measures>
            </elementValue>
            <elementValue>
              <value>舒適</value>
              <measures>自定義 CI 文字</measures>
            </elementValue>
          </time>
          <time>
            <startTime>2021-05-16T00:00:00+08:00</startTime>
            <endTime>2021-05-17T00:00:00+08:00</endTime>
            <elementValue>
              <value>25</value>
              <measures>NA</measures>
            </elementValue>
            <elementValue>
              <value>舒適</value>
              <measures>自定義 CI 文字</measures>
            </elementValue>
          </time>
          <time>
            <startTime>2021-05-17T00:00:00+08:00</startTime>
            <endTime>2021-05-18T00:00:00+08:00</endTime>
            <elementValue>
              <value>24</value>
              <measures>NA</measures>
            </elementValue>
            <elementValue>
              <value>舒適</value>
              <measures>自定義 CI 文字</measures>
            </elementValue>
          </time>
          <time>
            <startTime>2021-05-18T00:00:00+08:00</startTime>
            <endTime>2021-05-19T00:00:00+08:00</endTime>
            <elementValue>
              <value>24</value>
              <measures>NA</measures>
            </elementValue>
            <elementValue>
              <value>舒適</value>
              <measures>自定義 CI 文字</measures>
            </elementValue>
          </time>
          <time>
            <startTime>2021-05-19T00:00:00+08:00</startTime>
            <endTime>2021-05-20T00:00:00+08:00</endTime>
            <elementValue>
              <value>23</value>
              <measures>NA</measures>
            </elementValue>
            <elementValue>
              <value>舒適</value>
              <measures>自定義 CI 文字</measures>
            </elementValue>
          </time>
        </weatherElement>
        <weatherElement>
          <elementName>PoP24h</elementName>
          <description>24小時降雨機率</description>
          <time>
            <startTime>2021-05-13T06:00:00+08:00</startTime>
            <endTime>2021-05-14T00:00:00+08:00</endTime>
            <elementValue>
              <value>10</value>
              <measures>百分比</measures>
            </elementValue>
          </time>
          <time>
            <startTime>2021-05-14T00:00:00+08:00</startTime>
            <endTime>2021-05-15T00:00:00+08:00</endTime>
            <elementValue>
              <value>10</value>
              <measures>百分比</measures>
            </elementValue>
          </time>
          <time>
            <startTime>2021-05-15T00:00:00+08:00</startTime>
            <endTime>2021-05-16T00:00:00+08:00</endTime>
            <elementValue>
              <value>10</value>
              <measures>百分比</measures>
            </elementValue>
          </time>
          <time>
            <startTime>2021-05-16T00:00:00+08:00</startTime>
            <endTime>2021-05-17T00:00:00+08:00</endTime>
            <elementValue>
              <value> </value>
              <measures>百分比</measures>
            </elementValue>
          </time>
          <time>
            <startTime>2021-05-17T00:00:00+08:00</startTime>
            <endTime>2021-05-18T00:00:00+08:00</endTime>
            <elementValue>
              <value> </value>
              <measures>百分比</measures>
            </elementValue>
          </time>
          <time>
            <startTime>2021-05-18T00:00:00+08:00</startTime>
            <endTime>2021-05-19T00:00:00+08:00</endTime>
            <elementValue>
              <value> </value>
              <measures>百分比</measures>
            </elementValue>
          </time>
          <time>
            <startTime>2021-05-19T00:00:00+08:00</startTime>
            <endTime>2021-05-20T00:00:00+08:00</endTime>
            <elementValue>
              <value> </value>
              <measures>百分比</measures>
            </elementValue>
          </time>
        </weatherElement>
        <weatherElement>
          <elementName>WD</elementName>
          <description>風向</description>
          <time>
            <startTime>2021-05-13T06:00:00+08:00</startTime>
            <endTime>2021-05-14T00:00:00+08:00</endTime>
            <elementValue>
              <value>西南風</value>
              <measures>8方位</measures>
            </elementValue>
          </time>
          <time>
            <startTime>2021-05-14T00:00:00+08:00</startTime>
            <endTime>2021-05-15T00:00:00+08:00</endTime>
            <elementValue>
              <value>西南風</value>
              <measures>8方位</measures>
            </elementValue>
          </time>
          <time>
            <startTime>2021-05-15T00:00:00+08:00</startTime>
            <endTime>2021-05-16T00:00:00+08:00</endTime>
            <elementValue>
              <value>西南風</value>
              <measures>8方位</measures>
            </elementValue>
          </time>
          <time>
            <startTime>2021-05-16T00:00:00+08:00</startTime>
            <endTime>2021-05-17T00:00:00+08:00</endTime>
            <elementValue>
              <value>偏南風</value>
              <measures>8方位</measures>
            </elementValue>
          </time>
          <time>
            <startTime>2021-05-17T00:00:00+08:00</startTime>
            <endTime>2021-05-18T00:00:00+08:00</endTime>
            <elementValue>
              <value>西南風</value>
              <measures>8方位</measures>
            </elementValue>
          </time>
          <time>
            <startTime>2021-05-18T00:00:00+08:00</startTime>
            <endTime>2021-05-19T00:00:00+08:00</endTime>
            <elementValue>
              <value>偏南風</value>
              <measures>8方位</measures>
            </elementValue>
          </time>
          <time>
            <startTime>2021-05-19T00:00:00+08:00</startTime>
            <endTime>2021-05-20T00:00:00+08:00</endTime>
            <elementValue>
              <value>東北風</value>
              <measures>8方位</measures>
            </elementValue>
          </time>
        </weatherElement>
        <weatherElement>
          <elementName>WS</elementName>
          <description>最大風速</description>
          <time>
            <startTime>2021-05-13T06:00:00+08:00</startTime>
            <endTime>2021-05-14T00:00:00+08:00</endTime>
            <elementValue>
              <value>4</value>
              <measures>公尺/秒</measures>
            </elementValue>
            <elementValue>
              <value>3</value>
              <measures>蒲福風級</measures>
            </elementValue>
          </time>
          <time>
            <startTime>2021-05-14T00:00:00+08:00</startTime>
            <endTime>2021-05-15T00:00:00+08:00</endTime>
            <elementValue>
              <value>4</value>
              <measures>公尺/秒</measures>
            </elementValue>
            <elementValue>
              <value>3</value>
              <measures>蒲福風級</measures>
            </elementValue>
          </time>
          <time>
            <startTime>2021-05-15T00:00:00+08:00</startTime>
            <endTime>2021-05-16T00:00:00+08:00</endTime>
            <elementValue>
              <value>4</value>
              <measures>公尺/秒</measures>
            </elementValue>
            <elementValue>
              <value>3</value>
              <measures>蒲福風級</measures>
            </elementValue>
          </time>
          <time>
            <startTime>2021-05-16T00:00:00+08:00</startTime>
            <endTime>2021-05-17T00:00:00+08:00</endTime>
            <elementValue>
              <value>3</value>
              <measures>公尺/秒</measures>
            </elementValue>
            <elementValue>
              <value>2</value>
              <measures>蒲福風級</measures>
            </elementValue>
          </time>
          <time>
            <startTime>2021-05-17T00:00:00+08:00</startTime>
            <endTime>2021-05-18T00:00:00+08:00</endTime>
            <elementValue>
              <value>2</value>
              <measures>公尺/秒</measures>
            </elementValue>
            <elementValue>
              <value>2</value>
              <measures>蒲福風級</measures>
            </elementValue>
          </time>
          <time>
            <startTime>2021-05-18T00:00:00+08:00</startTime>
            <endTime>2021-05-19T00:00:00+08:00</endTime>
            <elementValue>
              <value>3</value>
              <measures>公尺/秒</measures>
            </elementValue>
            <elementValue>
              <value>2</value>
              <measures>蒲福風級</measures>
            </elementValue>
          </time>
          <time>
            <startTime>2021-05-19T00:00:00+08:00</startTime>
            <endTime>2021-05-20T00:00:00+08:00</endTime>
            <elementValue>
              <value>3</value>
              <measures>公尺/秒</measures>
            </elementValue>
            <elementValue>
              <value>2</value>
              <measures>蒲福風級</measures>
            </elementValue>
          </time>
        </weatherElement>
        <weatherElement>
          <elementName>Wx</elementName>
          <description>天氣現象</description>
          <time>
            <startTime>2021-05-13T06:00:00+08:00</startTime>
            <endTime>2021-05-14T00:00:00+08:00</endTime>
            <elementValue>
              <value>晴時多雲</value>
              <measures>自定義 Wx 文字</measures>
            </elementValue>
            <elementValue>
              <value>02</value>
              <measures>自定義 Wx 單位</measures>
            </elementValue>
          </time>
          <time>
            <startTime>2021-05-14T00:00:00+08:00</startTime>
            <endTime>2021-05-15T00:00:00+08:00</endTime>
            <elementValue>
              <value>晴時多雲</value>
              <measures>自定義 Wx 文字</measures>
            </elementValue>
            <elementValue>
              <value>02</value>
              <measures>自定義 Wx 單位</measures>
            </elementValue>
          </time>
          <time>
            <startTime>2021-05-15T00:00:00+08:00</startTime>
            <endTime>2021-05-16T00:00:00+08:00</endTime>
            <elementValue>
              <value>晴時多雲</value>
              <measures>自定義 Wx 文字</measures>
            </elementValue>
            <elementValue>
              <value>02</value>
              <measures>自定義 Wx 單位</measures>
            </elementValue>
          </time>
          <time>
            <startTime>2021-05-16T00:00:00+08:00</startTime>
            <endTime>2021-05-17T00:00:00+08:00</endTime>
            <elementValue>
              <value>晴時多雲</value>
              <measures>自定義 Wx 文字</measures>
            </elementValue>
            <elementValue>
              <value>02</value>
              <measures>自定義 Wx 單位</measures>
            </elementValue>
          </time>
          <time>
            <startTime>2021-05-17T00:00:00+08:00</startTime>
            <endTime>2021-05-18T00:00:00+08:00</endTime>
            <elementValue>
              <value>晴時多雲</value>
              <measures>自定義 Wx 文字</measures>
            </elementValue>
            <elementValue>
              <value>02</value>
              <measures>自定義 Wx 單位</measures>
            </elementValue>
          </time>
          <time>
            <startTime>2021-05-18T00:00:00+08:00</startTime>
            <endTime>2021-05-19T00:00:00+08:00</endTime>
            <elementValue>
              <value>多雲</value>
              <measures>自定義 Wx 文字</measures>
            </elementValue>
            <elementValue>
              <value>04</value>
              <measures>自定義 Wx 單位</measures>
            </elementValue>
          </time>
          <time>
            <startTime>2021-05-19T00:00:00+08:00</startTime>
            <endTime>2021-05-20T00:00:00+08:00</endTime>
            <elementValue>
              <value>晴時多雲</value>
              <measures>自定義 Wx 文字</measures>
            </elementValue>
            <elementValue>
              <value>02</value>
              <measures>自定義 Wx 單位</measures>
            </elementValue>
          </time>
        </weatherElement>
        <weatherElement>
          <elementName>UVI</elementName>
          <description>紫外線指數</description>
          <time>
            <startTime>2021-05-13T06:00:00+08:00</startTime>
            <endTime>2021-05-13T18:00:00+08:00</endTime>
            <elementValue>
              <value>10</value>
              <measures>紫外線指數</measures>
            </elementValue>
            <elementValue>
              <value>過量級</value>
              <measures>曝曬級數</measures>
            </elementValue>
          </time>
          <time>
            <startTime>2021-05-14T06:00:00+08:00</startTime>
            <endTime>2021-05-14T18:00:00+08:00</endTime>
            <elementValue>
              <value>11</value>
              <measures>紫外線指數</measures>
            </elementValue>
            <elementValue>
              <value>危險級</value>
              <measures>曝曬級數</measures>
            </elementValue>
          </time>
          <time>
            <startTime>2021-05-15T06:00:00+08:00</startTime>
            <endTime>2021-05-15T18:00:00+08:00</endTime>
            <elementValue>
              <value>10</value>
              <measures>紫外線指數</measures>
            </elementValue>
            <elementValue>
              <value>過量級</value>
              <measures>曝曬級數</measures>
            </elementValue>
          </time>
          <time>
            <startTime>2021-05-16T06:00:00+08:00</startTime>
            <endTime>2021-05-16T18:00:00+08:00</endTime>
            <elementValue>
              <value>10</value>
              <measures>紫外線指數</measures>
            </elementValue>
            <elementValue>
              <value>過量級</value>
              <measures>曝曬級數</measures>
            </elementValue>
          </time>
          <time>
            <startTime>2021-05-17T06:00:00+08:00</startTime>
            <endTime>2021-05-17T18:00:00+08:00</endTime>
            <elementValue>
              <value>11</value>
              <measures>紫外線指數</measures>
            </elementValue>
            <elementValue>
              <value>危險級</value>
              <measures>曝曬級數</measures>
            </elementValue>
          </time>
          <time>
            <startTime>2021-05-18T06:00:00+08:00</startTime>
            <endTime>2021-05-18T18:00:00+08:00</endTime>
            <elementValue>
              <value>9</value>
              <measures>紫外線指數</measures>
            </elementValue>
            <elementValue>
              <value>過量級</value>
              <measures>曝曬級數</measures>
            </elementValue>
          </time>
          <time>
            <startTime>2021-05-19T06:00:00+08:00</startTime>
            <endTime>2021-05-19T18:00:00+08:00</endTime>
            <elementValue>
              <value>9</value>
              <measures>紫外線指數</measures>
            </elementValue>
            <elementValue>
              <value>過量級</value>
              <measures>曝曬級數</measures>
            </elementValue>
          </time>
        </weatherElement>
        <weatherElement>
          <elementName>WeatherDescription</elementName>
          <description>天氣預報綜合描述</description>
          <time>
            <startTime>2021-05-13T06:00:00+08:00</startTime>
            <endTime>2021-05-14T00:00:00+08:00</endTime>
            <elementValue>
              <value>晴時多雲。降雨機率 10%。溫度攝氏25至36度。舒適至易中暑。西南風 風速3級(每秒4公尺)。相對濕度63%。</value>
              <measures>NA</measures>
            </elementValue>
          </time>
          <time>
            <startTime>2021-05-14T00:00:00+08:00</startTime>
            <endTime>2021-05-15T00:00:00+08:00</endTime>
            <elementValue>
              <value>晴時多雲。降雨機率 10%。溫度攝氏25至36度。舒適至悶熱。西南風 風速3級(每秒4公尺)。相對濕度68%。</value>
              <measures>NA</measures>
            </elementValue>
          </time>
          <time>
            <startTime>2021-05-15T00:00:00+08:00</startTime>
            <endTime>2021-05-16T00:00:00+08:00</endTime>
            <elementValue>
              <value>晴時多雲。降雨機率 10%。溫度攝氏25至36度。舒適至易中暑。西南風 風速3級(每秒4公尺)。相對濕度70%。</value>
              <measures>NA</measures>
            </elementValue>
          </time>
          <time>
            <startTime>2021-05-16T00:00:00+08:00</startTime>
            <endTime>2021-05-17T00:00:00+08:00</endTime>
            <elementValue>
              <value>晴時多雲。溫度攝氏26至36度。舒適至易中暑。偏南風 風速2級(每秒3公尺)。相對濕度73%。</value>
              <measures>NA</measures>
            </elementValue>
          </time>
          <time>
            <startTime>2021-05-17T00:00:00+08:00</startTime>
            <endTime>2021-05-18T00:00:00+08:00</endTime>
            <elementValue>
              <value>晴時多雲。溫度攝氏25至36度。舒適至易中暑。西南風 風速2級(每秒2公尺)。相對濕度74%。</value>
              <measures>NA</measures>
            </elementValue>
          </time>
          <time>
            <startTime>2021-05-18T00:00:00+08:00</startTime>
            <endTime>2021-05-19T00:00:00+08:00</endTime>
            <elementValue>
              <value>多雲。溫度攝氏25至34度。舒適至悶熱。偏南風 風速2級(每秒3公尺)。相對濕度75%。</value>
              <measures>NA</measures>
            </elementValue>
          </time>
          <time>
            <startTime>2021-05-19T00:00:00+08:00</startTime>
            <endTime>2021-05-20T00:00:00+08:00</endTime>
            <elementValue>
              <value>晴時多雲。溫度攝氏24至33度。舒適至悶熱。東北風 風速2級(每秒3公尺)。相對濕度75%。</value>
              <measures>NA</measures>
            </elementValue>
          </time>
        </weatherElement>
      </location>
      <location>
        <locationName>西區</locationName>
        <geocode>10020020</geocode>
        <lat>23.466267</lat>
        <lon>120.427285</lon>
        <weatherElement>
          <elementName>T</elementName>
          <description>平均溫度</description>
          <time>
            <startTime>2021-05-13T06:00:00+08:00</startTime>
            <endTime>2021-05-14T00:00:00+08:00</endTime>
            <elementValue>
              <value>31</value>
              <measures>攝氏度</measures>
            </elementValue>
          </time>
          <time>
            <startTime>2021-05-14T00:00:00+08:00</startTime>
            <endTime>2021-05-15T00:00:00+08:00</endTime>
            <elementValue>
              <value>30</value>
              <measures>攝氏度</measures>
            </elementValue>
          </time>
          <time>
            <startTime>2021-05-15T00:00:00+08:00</startTime>
            <endTime>2021-05-16T00:00:00+08:00</endTime>
            <elementValue>
              <value>30</value>
              <measures>攝氏度</measures>
            </elementValue>
          </time>
          <time>
            <startTime>2021-05-16T00:00:00+08:00</startTime>
            <endTime>2021-05-17T00:00:00+08:00</endTime>
            <elementValue>
              <value>30</value>
              <measures>攝氏度</measures>
            </elementValue>
          </time>
          <time>
            <startTime>2021-05-17T00:00:00+08:00</startTime>
            <endTime>2021-05-18T00:00:00+08:00</endTime>
            <elementValue>
              <value>30</value>
              <measures>攝氏度</measures>
            </elementValue>
          </time>
          <time>
            <startTime>2021-05-18T00:00:00+08:00</startTime>
            <endTime>2021-05-19T00:00:00+08:00</endTime>
            <elementValue>
              <value>29</value>
              <measures>攝氏度</measures>
            </elementValue>
          </time>
          <time>
            <startTime>2021-05-19T00:00:00+08:00</startTime>
            <endTime>2021-05-20T00:00:00+08:00</endTime>
            <elementValue>
              <value>28</value>
              <measures>攝氏度</measures>
            </elementValue>
          </time>
        </weatherElement>
        <weatherElement>
          <elementName>Td</elementName>
          <description>平均露點溫度</description>
          <time>
            <startTime>2021-05-13T06:00:00+08:00</startTime>
            <endTime>2021-05-14T00:00:00+08:00</endTime>
            <elementValue>
              <value>24</value>
              <measures>攝氏度</measures>
            </elementValue>
          </time>
          <time>
            <startTime>2021-05-14T00:00:00+08:00</startTime>
            <endTime>2021-05-15T00:00:00+08:00</endTime>
            <elementValue>
              <value>24</value>
              <measures>攝氏度</measures>
            </elementValue>
          </time>
          <time>
            <startTime>2021-05-15T00:00:00+08:00</startTime>
            <endTime>2021-05-16T00:00:00+08:00</endTime>
            <elementValue>
              <value>24</value>
              <measures>攝氏度</measures>
            </elementValue>
          </time>
          <time>
            <startTime>2021-05-16T00:00:00+08:00</startTime>
            <endTime>2021-05-17T00:00:00+08:00</endTime>
            <elementValue>
              <value>25</value>
              <measures>攝氏度</measures>
            </elementValue>
          </time>
          <time>
            <startTime>2021-05-17T00:00:00+08:00</startTime>
            <endTime>2021-05-18T00:00:00+08:00</endTime>
            <elementValue>
              <value>25</value>
              <measures>攝氏度</measures>
            </elementValue>
          </time>
          <time>
            <startTime>2021-05-18T00:00:00+08:00</startTime>
            <endTime>2021-05-19T00:00:00+08:00</endTime>
            <elementValue>
              <value>24</value>
              <measures>攝氏度</measures>
            </elementValue>
          </time>
          <time>
            <startTime>2021-05-19T00:00:00+08:00</startTime>
            <endTime>2021-05-20T00:00:00+08:00</endTime>
            <elementValue>
              <value>24</value>
              <measures>攝氏度</measures>
            </elementValue>
          </time>
        </weatherElement>
        <weatherElement>
          <elementName>RH</elementName>
          <description>平均相對濕度</description>
          <time>
            <startTime>2021-05-13T06:00:00+08:00</startTime>
            <endTime>2021-05-14T00:00:00+08:00</endTime>
            <elementValue>
              <value>65</value>
              <measures>百分比</measures>
            </elementValue>
          </time>
          <time>
            <startTime>2021-05-14T00:00:00+08:00</startTime>
            <endTime>2021-05-15T00:00:00+08:00</endTime>
            <elementValue>
              <value>70</value>
              <measures>百分比</measures>
            </elementValue>
          </time>
          <time>
            <startTime>2021-05-15T00:00:00+08:00</startTime>
            <endTime>2021-05-16T00:00:00+08:00</endTime>
            <elementValue>
              <value>71</value>
              <measures>百分比</measures>
            </elementValue>
          </time>
          <time>
            <startTime>2021-05-16T00:00:00+08:00</startTime>
            <endTime>2021-05-17T00:00:00+08:00</endTime>
            <elementValue>
              <value>74</value>
              <measures>百分比</measures>
            </elementValue>
          </time>
          <time>
            <startTime>2021-05-17T00:00:00+08:00</startTime>
            <endTime>2021-05-18T00:00:00+08:00</endTime>
            <elementValue>
              <value>76</value>
              <measures>百分比</measures>
            </elementValue>
          </time>
          <time>
            <startTime>2021-05-18T00:00:00+08:00</startTime>
            <endTime>2021-05-19T00:00:00+08:00</endTime>
            <elementValue>
              <value>76</value>
              <measures>百分比</measures>
            </elementValue>
          </time>
          <time>
            <startTime>2021-05-19T00:00:00+08:00</startTime>
            <endTime>2021-05-20T00:00:00+08:00</endTime>
            <elementValue>
              <value>77</value>
              <measures>百分比</measures>
            </elementValue>
          </time>
        </weatherElement>
        <weatherElement>
          <elementName>MaxT</elementName>
          <description>最高溫度</description>
          <time>
            <startTime>2021-05-13T06:00:00+08:00</startTime>
            <endTime>2021-05-14T00:00:00+08:00</endTime>
            <elementValue>
              <value>35</value>
              <measures>攝氏度</measures>
            </elementValue>
          </time>
          <time>
            <startTime>2021-05-14T00:00:00+08:00</startTime>
            <endTime>2021-05-15T00:00:00+08:00</endTime>
            <elementValue>
              <value>36</value>
              <measures>攝氏度</measures>
            </elementValue>
          </time>
          <time>
            <startTime>2021-05-15T00:00:00+08:00</startTime>
            <endTime>2021-05-16T00:00:00+08:00</endTime>
            <elementValue>
              <value>36</value>
              <measures>攝氏度</measures>
            </elementValue>
          </time>
          <time>
            <startTime>2021-05-16T00:00:00+08:00</startTime>
            <endTime>2021-05-17T00:00:00+08:00</endTime>
            <elementValue>
              <value>36</value>
              <measures>攝氏度</measures>
            </elementValue>
          </time>
          <time>
            <startTime>2021-05-17T00:00:00+08:00</startTime>
            <endTime>2021-05-18T00:00:00+08:00</endTime>
            <elementValue>
              <value>36</value>
              <measures>攝氏度</measures>
            </elementValue>
          </time>
          <time>
            <startTime>2021-05-18T00:00:00+08:00</startTime>
            <endTime>2021-05-19T00:00:00+08:00</endTime>
            <elementValue>
              <value>34</value>
              <measures>攝氏度</measures>
            </elementValue>
          </time>
          <time>
            <startTime>2021-05-19T00:00:00+08:00</startTime>
            <endTime>2021-05-20T00:00:00+08:00</endTime>
            <elementValue>
              <value>33</value>
              <measures>攝氏度</measures>
            </elementValue>
          </time>
        </weatherElement>
        <weatherElement>
          <elementName>MinT</elementName>
          <description>最低溫度</description>
          <time>
            <startTime>2021-05-13T06:00:00+08:00</startTime>
            <endTime>2021-05-14T00:00:00+08:00</endTime>
            <elementValue>
              <value>25</value>
              <measures>攝氏度</measures>
            </elementValue>
          </time>
          <time>
            <startTime>2021-05-14T00:00:00+08:00</startTime>
            <endTime>2021-05-15T00:00:00+08:00</endTime>
            <elementValue>
              <value>26</value>
              <measures>攝氏度</measures>
            </elementValue>
          </time>
          <time>
            <startTime>2021-05-15T00:00:00+08:00</startTime>
            <endTime>2021-05-16T00:00:00+08:00</endTime>
            <elementValue>
              <value>26</value>
              <measures>攝氏度</measures>
            </elementValue>
          </time>
          <time>
            <startTime>2021-05-16T00:00:00+08:00</startTime>
            <endTime>2021-05-17T00:00:00+08:00</endTime>
            <elementValue>
              <value>26</value>
              <measures>攝氏度</measures>
            </elementValue>
          </time>
          <time>
            <startTime>2021-05-17T00:00:00+08:00</startTime>
            <endTime>2021-05-18T00:00:00+08:00</endTime>
            <elementValue>
              <value>26</value>
              <measures>攝氏度</measures>
            </elementValue>
          </time>
          <time>
            <startTime>2021-05-18T00:00:00+08:00</startTime>
            <endTime>2021-05-19T00:00:00+08:00</endTime>
            <elementValue>
              <value>26</value>
              <measures>攝氏度</measures>
            </elementValue>
          </time>
          <time>
            <startTime>2021-05-19T00:00:00+08:00</startTime>
            <endTime>2021-05-20T00:00:00+08:00</endTime>
            <elementValue>
              <value>25</value>
              <measures>攝氏度</measures>
            </elementValue>
          </time>
        </weatherElement>
        <weatherElement>
          <elementName>MaxAT</elementName>
          <description>最高體感溫度</description>
          <time>
            <startTime>2021-05-13T06:00:00+08:00</startTime>
            <endTime>2021-05-14T00:00:00+08:00</endTime>
            <elementValue>
              <value>41</value>
              <measures>攝氏度</measures>
            </elementValue>
          </time>
          <time>
            <startTime>2021-05-14T00:00:00+08:00</startTime>
            <endTime>2021-05-15T00:00:00+08:00</endTime>
            <elementValue>
              <value>40</value>
              <measures>攝氏度</measures>
            </elementValue>
          </time>
          <time>
            <startTime>2021-05-15T00:00:00+08:00</startTime>
            <endTime>2021-05-16T00:00:00+08:00</endTime>
            <elementValue>
              <value>41</value>
              <measures>攝氏度</measures>
            </elementValue>
          </time>
          <time>
            <startTime>2021-05-16T00:00:00+08:00</startTime>
            <endTime>2021-05-17T00:00:00+08:00</endTime>
            <elementValue>
              <value>41</value>
              <measures>攝氏度</measures>
            </elementValue>
          </time>
          <time>
            <startTime>2021-05-17T00:00:00+08:00</startTime>
            <endTime>2021-05-18T00:00:00+08:00</endTime>
            <elementValue>
              <value>41</value>
              <measures>攝氏度</measures>
            </elementValue>
          </time>
          <time>
            <startTime>2021-05-18T00:00:00+08:00</startTime>
            <endTime>2021-05-19T00:00:00+08:00</endTime>
            <elementValue>
              <value>40</value>
              <measures>攝氏度</measures>
            </elementValue>
          </time>
          <time>
            <startTime>2021-05-19T00:00:00+08:00</startTime>
            <endTime>2021-05-20T00:00:00+08:00</endTime>
            <elementValue>
              <value>38</value>
              <measures>攝氏度</measures>
            </elementValue>
          </time>
        </weatherElement>
        <weatherElement>
          <elementName>MinAT</elementName>
          <description>最低體感溫度</description>
          <time>
            <startTime>2021-05-13T06:00:00+08:00</startTime>
            <endTime>2021-05-14T00:00:00+08:00</endTime>
            <elementValue>
              <value>28</value>
              <measures>攝氏度</measures>
            </elementValue>
          </time>
          <time>
            <startTime>2021-05-14T00:00:00+08:00</startTime>
            <endTime>2021-05-15T00:00:00+08:00</endTime>
            <elementValue>
              <value>29</value>
              <measures>攝氏度</measures>
            </elementValue>
          </time>
          <time>
            <startTime>2021-05-15T00:00:00+08:00</startTime>
            <endTime>2021-05-16T00:00:00+08:00</endTime>
            <elementValue>
              <value>29</value>
              <measures>攝氏度</measures>
            </elementValue>
          </time>
          <time>
            <startTime>2021-05-16T00:00:00+08:00</startTime>
            <endTime>2021-05-17T00:00:00+08:00</endTime>
            <elementValue>
              <value>29</value>
              <measures>攝氏度</measures>
            </elementValue>
          </time>
          <time>
            <startTime>2021-05-17T00:00:00+08:00</startTime>
            <endTime>2021-05-18T00:00:00+08:00</endTime>
            <elementValue>
              <value>28</value>
              <measures>攝氏度</measures>
            </elementValue>
          </time>
          <time>
            <startTime>2021-05-18T00:00:00+08:00</startTime>
            <endTime>2021-05-19T00:00:00+08:00</endTime>
            <elementValue>
              <value>28</value>
              <measures>攝氏度</measures>
            </elementValue>
          </time>
          <time>
            <startTime>2021-05-19T00:00:00+08:00</startTime>
            <endTime>2021-05-20T00:00:00+08:00</endTime>
            <elementValue>
              <value>27</value>
              <measures>攝氏度</measures>
            </elementValue>
          </time>
        </weatherElement>
        <weatherElement>
          <elementName>MaxCI</elementName>
          <description>最大舒適度指數</description>
          <time>
            <startTime>2021-05-13T06:00:00+08:00</startTime>
            <endTime>2021-05-14T00:00:00+08:00</endTime>
            <elementValue>
              <value>35</value>
              <measures>NA</measures>
            </elementValue>
            <elementValue>
              <value>易中暑</value>
              <measures>自定義 CI 文字</measures>
            </elementValue>
          </time>
          <time>
            <startTime>2021-05-14T00:00:00+08:00</startTime>
            <endTime>2021-05-15T00:00:00+08:00</endTime>
            <elementValue>
              <value>30</value>
              <measures>NA</measures>
            </elementValue>
            <elementValue>
              <value>悶熱</value>
              <measures>自定義 CI 文字</measures>
            </elementValue>
          </time>
          <time>
            <startTime>2021-05-15T00:00:00+08:00</startTime>
            <endTime>2021-05-16T00:00:00+08:00</endTime>
            <elementValue>
              <value>31</value>
              <measures>NA</measures>
            </elementValue>
            <elementValue>
              <value>易中暑</value>
              <measures>自定義 CI 文字</measures>
            </elementValue>
          </time>
          <time>
            <startTime>2021-05-16T00:00:00+08:00</startTime>
            <endTime>2021-05-17T00:00:00+08:00</endTime>
            <elementValue>
              <value>31</value>
              <measures>NA</measures>
            </elementValue>
            <elementValue>
              <value>易中暑</value>
              <measures>自定義 CI 文字</measures>
            </elementValue>
          </time>
          <time>
            <startTime>2021-05-17T00:00:00+08:00</startTime>
            <endTime>2021-05-18T00:00:00+08:00</endTime>
            <elementValue>
              <value>31</value>
              <measures>NA</measures>
            </elementValue>
            <elementValue>
              <value>易中暑</value>
              <measures>自定義 CI 文字</measures>
            </elementValue>
          </time>
          <time>
            <startTime>2021-05-18T00:00:00+08:00</startTime>
            <endTime>2021-05-19T00:00:00+08:00</endTime>
            <elementValue>
              <value>30</value>
              <measures>NA</measures>
            </elementValue>
            <elementValue>
              <value>悶熱</value>
              <measures>自定義 CI 文字</measures>
            </elementValue>
          </time>
          <time>
            <startTime>2021-05-19T00:00:00+08:00</startTime>
            <endTime>2021-05-20T00:00:00+08:00</endTime>
            <elementValue>
              <value>29</value>
              <measures>NA</measures>
            </elementValue>
            <elementValue>
              <value>悶熱</value>
              <measures>自定義 CI 文字</measures>
            </elementValue>
          </time>
        </weatherElement>
        <weatherElement>
          <elementName>MinCI</elementName>
          <description>最小舒適度指數</description>
          <time>
            <startTime>2021-05-13T06:00:00+08:00</startTime>
            <endTime>2021-05-14T00:00:00+08:00</endTime>
            <elementValue>
              <value>24</value>
              <measures>NA</measures>
            </elementValue>
            <elementValue>
              <value>舒適</value>
              <measures>自定義 CI 文字</measures>
            </elementValue>
          </time>
          <time>
            <startTime>2021-05-14T00:00:00+08:00</startTime>
            <endTime>2021-05-15T00:00:00+08:00</endTime>
            <elementValue>
              <value>25</value>
              <measures>NA</measures>
            </elementValue>
            <elementValue>
              <value>舒適</value>
              <measures>自定義 CI 文字</measures>
            </elementValue>
          </time>
          <time>
            <startTime>2021-05-15T00:00:00+08:00</startTime>
            <endTime>2021-05-16T00:00:00+08:00</endTime>
            <elementValue>
              <value>24</value>
              <measures>NA</measures>
            </elementValue>
            <elementValue>
              <value>舒適</value>
              <measures>自定義 CI 文字</measures>
            </elementValue>
          </time>
          <time>
            <startTime>2021-05-16T00:00:00+08:00</startTime>
            <endTime>2021-05-17T00:00:00+08:00</endTime>
            <elementValue>
              <value>25</value>
              <measures>NA</measures>
            </elementValue>
            <elementValue>
              <value>舒適</value>
              <measures>自定義 CI 文字</measures>
            </elementValue>
          </time>
          <time>
            <startTime>2021-05-17T00:00:00+08:00</startTime>
            <endTime>2021-05-18T00:00:00+08:00</endTime>
            <elementValue>
              <value>24</value>
              <measures>NA</measures>
            </elementValue>
            <elementValue>
              <value>舒適</value>
              <measures>自定義 CI 文字</measures>
            </elementValue>
          </time>
          <time>
            <startTime>2021-05-18T00:00:00+08:00</startTime>
            <endTime>2021-05-19T00:00:00+08:00</endTime>
            <elementValue>
              <value>24</value>
              <measures>NA</measures>
            </elementValue>
            <elementValue>
              <value>舒適</value>
              <measures>自定義 CI 文字</measures>
            </elementValue>
          </time>
          <time>
            <startTime>2021-05-19T00:00:00+08:00</startTime>
            <endTime>2021-05-20T00:00:00+08:00</endTime>
            <elementValue>
              <value>24</value>
              <measures>NA</measures>
            </elementValue>
            <elementValue>
              <value>舒適</value>
              <measures>自定義 CI 文字</measures>
            </elementValue>
          </time>
        </weatherElement>
        <weatherElement>
          <elementName>PoP24h</elementName>
          <description>24小時降雨機率</description>
          <time>
            <startTime>2021-05-13T06:00:00+08:00</startTime>
            <endTime>2021-05-14T00:00:00+08:00</endTime>
            <elementValue>
              <value>10</value>
              <measures>百分比</measures>
            </elementValue>
          </time>
          <time>
            <startTime>2021-05-14T00:00:00+08:00</startTime>
            <endTime>2021-05-15T00:00:00+08:00</endTime>
            <elementValue>
              <value>0</value>
              <measures>百分比</measures>
            </elementValue>
          </time>
          <time>
            <startTime>2021-05-15T00:00:00+08:00</startTime>
            <endTime>2021-05-16T00:00:00+08:00</endTime>
            <elementValue>
              <value>10</value>
              <measures>百分比</measures>
            </elementValue>
          </time>
          <time>
            <startTime>2021-05-16T00:00:00+08:00</startTime>
            <endTime>2021-05-17T00:00:00+08:00</endTime>
            <elementValue>
              <value> </value>
              <measures>百分比</measures>
            </elementValue>
          </time>
          <time>
            <startTime>2021-05-17T00:00:00+08:00</startTime>
            <endTime>2021-05-18T00:00:00+08:00</endTime>
            <elementValue>
              <value> </value>
              <measures>百分比</measures>
            </elementValue>
          </time>
          <time>
            <startTime>2021-05-18T00:00:00+08:00</startTime>
            <endTime>2021-05-19T00:00:00+08:00</endTime>
            <elementValue>
              <value> </value>
              <measures>百分比</measures>
            </elementValue>
          </time>
          <time>
            <startTime>2021-05-19T00:00:00+08:00</startTime>
            <endTime>2021-05-20T00:00:00+08:00</endTime>
            <elementValue>
              <value> </value>
              <measures>百分比</measures>
            </elementValue>
          </time>
        </weatherElement>
        <weatherElement>
          <elementName>WD</elementName>
          <description>風向</description>
          <time>
            <startTime>2021-05-13T06:00:00+08:00</startTime>
            <endTime>2021-05-14T00:00:00+08:00</endTime>
            <elementValue>
              <value>西南風</value>
              <measures>8方位</measures>
            </elementValue>
          </time>
          <time>
            <startTime>2021-05-14T00:00:00+08:00</startTime>
            <endTime>2021-05-15T00:00:00+08:00</endTime>
            <elementValue>
              <value>西南風</value>
              <measures>8方位</measures>
            </elementValue>
          </time>
          <time>
            <startTime>2021-05-15T00:00:00+08:00</startTime>
            <endTime>2021-05-16T00:00:00+08:00</endTime>
            <elementValue>
              <value>西南風</value>
              <measures>8方位</measures>
            </elementValue>
          </time>
          <time>
            <startTime>2021-05-16T00:00:00+08:00</startTime>
            <endTime>2021-05-17T00:00:00+08:00</endTime>
            <elementValue>
              <value>偏南風</value>
              <measures>8方位</measures>
            </elementValue>
          </time>
          <time>
            <startTime>2021-05-17T00:00:00+08:00</startTime>
            <endTime>2021-05-18T00:00:00+08:00</endTime>
            <elementValue>
              <value>西南風</value>
              <measures>8方位</measures>
            </elementValue>
          </time>
          <time>
            <startTime>2021-05-18T00:00:00+08:00</startTime>
            <endTime>2021-05-19T00:00:00+08:00</endTime>
            <elementValue>
              <value>偏南風</value>
              <measures>8方位</measures>
            </elementValue>
          </time>
          <time>
            <startTime>2021-05-19T00:00:00+08:00</startTime>
            <endTime>2021-05-20T00:00:00+08:00</endTime>
            <elementValue>
              <value>東北風</value>
              <measures>8方位</measures>
            </elementValue>
          </time>
        </weatherElement>
        <weatherElement>
          <elementName>WS</elementName>
          <description>最大風速</description>
          <time>
            <startTime>2021-05-13T06:00:00+08:00</startTime>
            <endTime>2021-05-14T00:00:00+08:00</endTime>
            <elementValue>
              <value>4</value>
              <measures>公尺/秒</measures>
            </elementValue>
            <elementValue>
              <value>3</value>
              <measures>蒲福風級</measures>
            </elementValue>
          </time>
          <time>
            <startTime>2021-05-14T00:00:00+08:00</startTime>
            <endTime>2021-05-15T00:00:00+08:00</endTime>
            <elementValue>
              <value>4</value>
              <measures>公尺/秒</measures>
            </elementValue>
            <elementValue>
              <value>3</value>
              <measures>蒲福風級</measures>
            </elementValue>
          </time>
          <time>
            <startTime>2021-05-15T00:00:00+08:00</startTime>
            <endTime>2021-05-16T00:00:00+08:00</endTime>
            <elementValue>
              <value>4</value>
              <measures>公尺/秒</measures>
            </elementValue>
            <elementValue>
              <value>3</value>
              <measures>蒲福風級</measures>
            </elementValue>
          </time>
          <time>
            <startTime>2021-05-16T00:00:00+08:00</startTime>
            <endTime>2021-05-17T00:00:00+08:00</endTime>
            <elementValue>
              <value>5</value>
              <measures>公尺/秒</measures>
            </elementValue>
            <elementValue>
              <value>3</value>
              <measures>蒲福風級</measures>
            </elementValue>
          </time>
          <time>
            <startTime>2021-05-17T00:00:00+08:00</startTime>
            <endTime>2021-05-18T00:00:00+08:00</endTime>
            <elementValue>
              <value>3</value>
              <measures>公尺/秒</measures>
            </elementValue>
            <elementValue>
              <value>2</value>
              <measures>蒲福風級</measures>
            </elementValue>
          </time>
          <time>
            <startTime>2021-05-18T00:00:00+08:00</startTime>
            <endTime>2021-05-19T00:00:00+08:00</endTime>
            <elementValue>
              <value>3</value>
              <measures>公尺/秒</measures>
            </elementValue>
            <elementValue>
              <value>2</value>
              <measures>蒲福風級</measures>
            </elementValue>
          </time>
          <time>
            <startTime>2021-05-19T00:00:00+08:00</startTime>
            <endTime>2021-05-20T00:00:00+08:00</endTime>
            <elementValue>
              <value>3</value>
              <measures>公尺/秒</measures>
            </elementValue>
            <elementValue>
              <value>2</value>
              <measures>蒲福風級</measures>
            </elementValue>
          </time>
        </weatherElement>
        <weatherElement>
          <elementName>Wx</elementName>
          <description>天氣現象</description>
          <time>
            <startTime>2021-05-13T06:00:00+08:00</startTime>
            <endTime>2021-05-14T00:00:00+08:00</endTime>
            <elementValue>
              <value>晴時多雲</value>
              <measures>自定義 Wx 文字</measures>
            </elementValue>
            <elementValue>
              <value>02</value>
              <measures>自定義 Wx 單位</measures>
            </elementValue>
          </time>
          <time>
            <startTime>2021-05-14T00:00:00+08:00</startTime>
            <endTime>2021-05-15T00:00:00+08:00</endTime>
            <elementValue>
              <value>晴時多雲</value>
              <measures>自定義 Wx 文字</measures>
            </elementValue>
            <elementValue>
              <value>02</value>
              <measures>自定義 Wx 單位</measures>
            </elementValue>
          </time>
          <time>
            <startTime>2021-05-15T00:00:00+08:00</startTime>
            <endTime>2021-05-16T00:00:00+08:00</endTime>
            <elementValue>
              <value>晴時多雲</value>
              <measures>自定義 Wx 文字</measures>
            </elementValue>
            <elementValue>
              <value>02</value>
              <measures>自定義 Wx 單位</measures>
            </elementValue>
          </time>
          <time>
            <startTime>2021-05-16T00:00:00+08:00</startTime>
            <endTime>2021-05-17T00:00:00+08:00</endTime>
            <elementValue>
              <value>晴時多雲</value>
              <measures>自定義 Wx 文字</measures>
            </elementValue>
            <elementValue>
              <value>02</value>
              <measures>自定義 Wx 單位</measures>
            </elementValue>
          </time>
          <time>
            <startTime>2021-05-17T00:00:00+08:00</startTime>
            <endTime>2021-05-18T00:00:00+08:00</endTime>
            <elementValue>
              <value>晴時多雲</value>
              <measures>自定義 Wx 文字</measures>
            </elementValue>
            <elementValue>
              <value>02</value>
              <measures>自定義 Wx 單位</measures>
            </elementValue>
          </time>
          <time>
            <startTime>2021-05-18T00:00:00+08:00</startTime>
            <endTime>2021-05-19T00:00:00+08:00</endTime>
            <elementValue>
              <value>多雲</value>
              <measures>自定義 Wx 文字</measures>
            </elementValue>
            <elementValue>
              <value>04</value>
              <measures>自定義 Wx 單位</measures>
            </elementValue>
          </time>
          <time>
            <startTime>2021-05-19T00:00:00+08:00</startTime>
            <endTime>2021-05-20T00:00:00+08:00</endTime>
            <elementValue>
              <value>晴時多雲</value>
              <measures>自定義 Wx 文字</measures>
            </elementValue>
            <elementValue>
              <value>02</value>
              <measures>自定義 Wx 單位</measures>
            </elementValue>
          </time>
        </weatherElement>
        <weatherElement>
          <elementName>UVI</elementName>
          <description>紫外線指數</description>
          <time>
            <startTime>2021-05-13T06:00:00+08:00</startTime>
            <endTime>2021-05-13T18:00:00+08:00</endTime>
            <elementValue>
              <value>10</value>
              <measures>紫外線指數</measures>
            </elementValue>
            <elementValue>
              <value>過量級</value>
              <measures>曝曬級數</measures>
            </elementValue>
          </time>
          <time>
            <startTime>2021-05-14T06:00:00+08:00</startTime>
            <endTime>2021-05-14T18:00:00+08:00</endTime>
            <elementValue>
              <value>11</value>
              <measures>紫外線指數</measures>
            </elementValue>
            <elementValue>
              <value>危險級</value>
              <measures>曝曬級數</measures>
            </elementValue>
          </time>
          <time>
            <startTime>2021-05-15T06:00:00+08:00</startTime>
            <endTime>2021-05-15T18:00:00+08:00</endTime>
            <elementValue>
              <value>10</value>
              <measures>紫外線指數</measures>
            </elementValue>
            <elementValue>
              <value>過量級</value>
              <measures>曝曬級數</measures>
            </elementValue>
          </time>
          <time>
            <startTime>2021-05-16T06:00:00+08:00</startTime>
            <endTime>2021-05-16T18:00:00+08:00</endTime>
            <elementValue>
              <value>10</value>
              <measures>紫外線指數</measures>
            </elementValue>
            <elementValue>
              <value>過量級</value>
              <measures>曝曬級數</measures>
            </elementValue>
          </time>
          <time>
            <startTime>2021-05-17T06:00:00+08:00</startTime>
            <endTime>2021-05-17T18:00:00+08:00</endTime>
            <elementValue>
              <value>11</value>
              <measures>紫外線指數</measures>
            </elementValue>
            <elementValue>
              <value>危險級</value>
              <measures>曝曬級數</measures>
            </elementValue>
          </time>
          <time>
            <startTime>2021-05-18T06:00:00+08:00</startTime>
            <endTime>2021-05-18T18:00:00+08:00</endTime>
            <elementValue>
              <value>9</value>
              <measures>紫外線指數</measures>
            </elementValue>
            <elementValue>
              <value>過量級</value>
              <measures>曝曬級數</measures>
            </elementValue>
          </time>
          <time>
            <startTime>2021-05-19T06:00:00+08:00</startTime>
            <endTime>2021-05-19T18:00:00+08:00</endTime>
            <elementValue>
              <value>9</value>
              <measures>紫外線指數</measures>
            </elementValue>
            <elementValue>
              <value>過量級</value>
              <measures>曝曬級數</measures>
            </elementValue>
          </time>
        </weatherElement>
        <weatherElement>
          <elementName>WeatherDescription</elementName>
          <description>天氣預報綜合描述</description>
          <time>
            <startTime>2021-05-13T06:00:00+08:00</startTime>
            <endTime>2021-05-14T00:00:00+08:00</endTime>
            <elementValue>
              <value>晴時多雲。降雨機率 10%。溫度攝氏25至35度。舒適至易中暑。西南風 風速3級(每秒4公尺)。相對濕度65%。</value>
              <measures>NA</measures>
            </elementValue>
          </time>
          <time>
            <startTime>2021-05-14T00:00:00+08:00</startTime>
            <endTime>2021-05-15T00:00:00+08:00</endTime>
            <elementValue>
              <value>晴時多雲。降雨機率 0%。溫度攝氏26至36度。舒適至悶熱。西南風 風速3級(每秒4公尺)。相對濕度70%。</value>
              <measures>NA</measures>
            </elementValue>
          </time>
          <time>
            <startTime>2021-05-15T00:00:00+08:00</startTime>
            <endTime>2021-05-16T00:00:00+08:00</endTime>
            <elementValue>
              <value>晴時多雲。降雨機率 10%。溫度攝氏26至36度。舒適至易中暑。西南風 風速3級(每秒4公尺)。相對濕度71%。</value>
              <measures>NA</measures>
            </elementValue>
          </time>
          <time>
            <startTime>2021-05-16T00:00:00+08:00</startTime>
            <endTime>2021-05-17T00:00:00+08:00</endTime>
            <elementValue>
              <value>晴時多雲。溫度攝氏26至36度。舒適至易中暑。偏南風 風速3級(每秒5公尺)。相對濕度74%。</value>
              <measures>NA</measures>
            </elementValue>
          </time>
          <time>
            <startTime>2021-05-17T00:00:00+08:00</startTime>
            <endTime>2021-05-18T00:00:00+08:00</endTime>
            <elementValue>
              <value>晴時多雲。溫度攝氏26至36度。舒適至易中暑。西南風 風速2級(每秒3公尺)。相對濕度76%。</value>
              <measures>NA</measures>
            </elementValue>
          </time>
          <time>
            <startTime>2021-05-18T00:00:00+08:00</startTime>
            <endTime>2021-05-19T00:00:00+08:00</endTime>
            <elementValue>
              <value>多雲。溫度攝氏26至34度。舒適至悶熱。偏南風 風速2級(每秒3公尺)。相對濕度76%。</value>
              <measures>NA</measures>
            </elementValue>
          </time>
          <time>
            <startTime>2021-05-19T00:00:00+08:00</startTime>
            <endTime>2021-05-20T00:00:00+08:00</endTime>
            <elementValue>
              <value>晴時多雲。溫度攝氏25至33度。舒適至悶熱。東北風 風速2級(每秒3公尺)。相對濕度77%。</value>
              <measures>NA</measures>
            </elementValue>
          </time>
        </weatherElement>
      </location>
    </locations>
  </dataset>
</cwbopendata>
