<?xml version="1.0" encoding="utf-8"?>
<cwbopendata xmlns="urn:cwb:gov:tw:cwbcommon:0.1">
  <identifier>9bfda969-4c61-4cf5-9119-eabf3b2bf593</identifier>
  <sender>weather@cwb.gov.tw</sender>
  <sent>2021-03-14T06:20:24+08:00</sent>
  <status>Actual</status>
  <scope>Public</scope>
  <msgType>Issue</msgType>
  <dataid>null</dataid>
  <source>MFC</source>
  <dataset>
    <datasetInfo>
      <datasetDescription>Seven Days Weather Forecast of 368 townships</datasetDescription>
      <datasetLanguage>EN</datasetLanguage>
      <issueTime>2021-03-14T05:00:00+08:00</issueTime>
      <validTime>
        <startTime>2021-03-14T06:00:00+08:00</startTime>
        <endTime>2021-03-22T05:00:00+08:00</endTime>
      </validTime>
      <update>2021-03-14T06:20:24+08:00</update>
    </datasetInfo>
    <locations>
      <locationsName>Chiayi City</locationsName>
      <location>
        <locationName>East District</locationName>
        <geocode>1002001</geocode>
        <lat>23.480384</lat>
        <lon>120.445361</lon>
        <weatherElement>
          <elementName>T</elementName>
          <description>average of temperature</description>
          <time>
            <startTime>2021-03-14T06:00:00+08:00</startTime>
            <endTime>2021-03-15T00:00:00+08:00</endTime>
            <elementValue>
              <value>22</value>
              <measures>C</measures>
            </elementValue>
          </time>
          <time>
            <startTime>2021-03-15T00:00:00+08:00</startTime>
            <endTime>2021-03-16T00:00:00+08:00</endTime>
            <elementValue>
              <value>21</value>
              <measures>C</measures>
            </elementValue>
          </time>
          <time>
            <startTime>2021-03-16T00:00:00+08:00</startTime>
            <endTime>2021-03-17T00:00:00+08:00</endTime>
            <elementValue>
              <value>22</value>
              <measures>C</measures>
            </elementValue>
          </time>
          <time>
            <startTime>2021-03-17T00:00:00+08:00</startTime>
            <endTime>2021-03-18T00:00:00+08:00</endTime>
            <elementValue>
              <value>23</value>
              <measures>C</measures>
            </elementValue>
          </time>
          <time>
            <startTime>2021-03-18T00:00:00+08:00</startTime>
            <endTime>2021-03-19T00:00:00+08:00</endTime>
            <elementValue>
              <value>24</value>
              <measures>C</measures>
            </elementValue>
          </time>
          <time>
            <startTime>2021-03-19T00:00:00+08:00</startTime>
            <endTime>2021-03-20T00:00:00+08:00</endTime>
            <elementValue>
              <value>24</value>
              <measures>C</measures>
            </elementValue>
          </time>
          <time>
            <startTime>2021-03-20T00:00:00+08:00</startTime>
            <endTime>2021-03-21T00:00:00+08:00</endTime>
            <elementValue>
              <value>23</value>
              <measures>C</measures>
            </elementValue>
          </time>
        </weatherElement>
        <weatherElement>
          <elementName>Td</elementName>
          <description>average of dew point temperature</description>
          <time>
            <startTime>2021-03-14T06:00:00+08:00</startTime>
            <endTime>2021-03-15T00:00:00+08:00</endTime>
            <elementValue>
              <value>16</value>
              <measures>C</measures>
            </elementValue>
          </time>
          <time>
            <startTime>2021-03-15T00:00:00+08:00</startTime>
            <endTime>2021-03-16T00:00:00+08:00</endTime>
            <elementValue>
              <value>17</value>
              <measures>C</measures>
            </elementValue>
          </time>
          <time>
            <startTime>2021-03-16T00:00:00+08:00</startTime>
            <endTime>2021-03-17T00:00:00+08:00</endTime>
            <elementValue>
              <value>16</value>
              <measures>C</measures>
            </elementValue>
          </time>
          <time>
            <startTime>2021-03-17T00:00:00+08:00</startTime>
            <endTime>2021-03-18T00:00:00+08:00</endTime>
            <elementValue>
              <value>18</value>
              <measures>C</measures>
            </elementValue>
          </time>
          <time>
            <startTime>2021-03-18T00:00:00+08:00</startTime>
            <endTime>2021-03-19T00:00:00+08:00</endTime>
            <elementValue>
              <value>19</value>
              <measures>C</measures>
            </elementValue>
          </time>
          <time>
            <startTime>2021-03-19T00:00:00+08:00</startTime>
            <endTime>2021-03-20T00:00:00+08:00</endTime>
            <elementValue>
              <value>19</value>
              <measures>C</measures>
            </elementValue>
          </time>
          <time>
            <startTime>2021-03-20T00:00:00+08:00</startTime>
            <endTime>2021-03-21T00:00:00+08:00</endTime>
            <elementValue>
              <value>20</value>
              <measures>C</measures>
            </elementValue>
          </time>
        </weatherElement>
        <weatherElement>
          <elementName>RH</elementName>
          <description>average of relative humidity</description>
          <time>
            <startTime>2021-03-14T06:00:00+08:00</startTime>
            <endTime>2021-03-15T00:00:00+08:00</endTime>
            <elementValue>
              <value>72</value>
              <measures>%</measures>
            </elementValue>
          </time>
          <time>
            <startTime>2021-03-15T00:00:00+08:00</startTime>
            <endTime>2021-03-16T00:00:00+08:00</endTime>
            <elementValue>
              <value>76</value>
              <measures>%</measures>
            </elementValue>
          </time>
          <time>
            <startTime>2021-03-16T00:00:00+08:00</startTime>
            <endTime>2021-03-17T00:00:00+08:00</endTime>
            <elementValue>
              <value>70</value>
              <measures>%</measures>
            </elementValue>
          </time>
          <time>
            <startTime>2021-03-17T00:00:00+08:00</startTime>
            <endTime>2021-03-18T00:00:00+08:00</endTime>
            <elementValue>
              <value>74</value>
              <measures>%</measures>
            </elementValue>
          </time>
          <time>
            <startTime>2021-03-18T00:00:00+08:00</startTime>
            <endTime>2021-03-19T00:00:00+08:00</endTime>
            <elementValue>
              <value>76</value>
              <measures>%</measures>
            </elementValue>
          </time>
          <time>
            <startTime>2021-03-19T00:00:00+08:00</startTime>
            <endTime>2021-03-20T00:00:00+08:00</endTime>
            <elementValue>
              <value>78</value>
              <measures>%</measures>
            </elementValue>
          </time>
          <time>
            <startTime>2021-03-20T00:00:00+08:00</startTime>
            <endTime>2021-03-21T00:00:00+08:00</endTime>
            <elementValue>
              <value>83</value>
              <measures>%</measures>
            </elementValue>
          </time>
        </weatherElement>
        <weatherElement>
          <elementName>MaxT</elementName>
          <description>maximum temperature</description>
          <time>
            <startTime>2021-03-14T06:00:00+08:00</startTime>
            <endTime>2021-03-15T00:00:00+08:00</endTime>
            <elementValue>
              <value>26</value>
              <measures>C</measures>
            </elementValue>
          </time>
          <time>
            <startTime>2021-03-15T00:00:00+08:00</startTime>
            <endTime>2021-03-16T00:00:00+08:00</endTime>
            <elementValue>
              <value>27</value>
              <measures>C</measures>
            </elementValue>
          </time>
          <time>
            <startTime>2021-03-16T00:00:00+08:00</startTime>
            <endTime>2021-03-17T00:00:00+08:00</endTime>
            <elementValue>
              <value>28</value>
              <measures>C</measures>
            </elementValue>
          </time>
          <time>
            <startTime>2021-03-17T00:00:00+08:00</startTime>
            <endTime>2021-03-18T00:00:00+08:00</endTime>
            <elementValue>
              <value>29</value>
              <measures>C</measures>
            </elementValue>
          </time>
          <time>
            <startTime>2021-03-18T00:00:00+08:00</startTime>
            <endTime>2021-03-19T00:00:00+08:00</endTime>
            <elementValue>
              <value>30</value>
              <measures>C</measures>
            </elementValue>
          </time>
          <time>
            <startTime>2021-03-19T00:00:00+08:00</startTime>
            <endTime>2021-03-20T00:00:00+08:00</endTime>
            <elementValue>
              <value>29</value>
              <measures>C</measures>
            </elementValue>
          </time>
          <time>
            <startTime>2021-03-20T00:00:00+08:00</startTime>
            <endTime>2021-03-21T00:00:00+08:00</endTime>
            <elementValue>
              <value>29</value>
              <measures>C</measures>
            </elementValue>
          </time>
        </weatherElement>
        <weatherElement>
          <elementName>MinT</elementName>
          <description>minimum temperature</description>
          <time>
            <startTime>2021-03-14T06:00:00+08:00</startTime>
            <endTime>2021-03-15T00:00:00+08:00</endTime>
            <elementValue>
              <value>16</value>
              <measures>C</measures>
            </elementValue>
          </time>
          <time>
            <startTime>2021-03-15T00:00:00+08:00</startTime>
            <endTime>2021-03-16T00:00:00+08:00</endTime>
            <elementValue>
              <value>17</value>
              <measures>C</measures>
            </elementValue>
          </time>
          <time>
            <startTime>2021-03-16T00:00:00+08:00</startTime>
            <endTime>2021-03-17T00:00:00+08:00</endTime>
            <elementValue>
              <value>17</value>
              <measures>C</measures>
            </elementValue>
          </time>
          <time>
            <startTime>2021-03-17T00:00:00+08:00</startTime>
            <endTime>2021-03-18T00:00:00+08:00</endTime>
            <elementValue>
              <value>18</value>
              <measures>C</measures>
            </elementValue>
          </time>
          <time>
            <startTime>2021-03-18T00:00:00+08:00</startTime>
            <endTime>2021-03-19T00:00:00+08:00</endTime>
            <elementValue>
              <value>19</value>
              <measures>C</measures>
            </elementValue>
          </time>
          <time>
            <startTime>2021-03-19T00:00:00+08:00</startTime>
            <endTime>2021-03-20T00:00:00+08:00</endTime>
            <elementValue>
              <value>19</value>
              <measures>C</measures>
            </elementValue>
          </time>
          <time>
            <startTime>2021-03-20T00:00:00+08:00</startTime>
            <endTime>2021-03-21T00:00:00+08:00</endTime>
            <elementValue>
              <value>20</value>
              <measures>C</measures>
            </elementValue>
          </time>
        </weatherElement>
        <weatherElement>
          <elementName>MaxAT</elementName>
          <description>maximum athletic temperature</description>
          <time>
            <startTime>2021-03-14T06:00:00+08:00</startTime>
            <endTime>2021-03-15T00:00:00+08:00</endTime>
            <elementValue>
              <value>27</value>
              <measures>C</measures>
            </elementValue>
          </time>
          <time>
            <startTime>2021-03-15T00:00:00+08:00</startTime>
            <endTime>2021-03-16T00:00:00+08:00</endTime>
            <elementValue>
              <value>28</value>
              <measures>C</measures>
            </elementValue>
          </time>
          <time>
            <startTime>2021-03-16T00:00:00+08:00</startTime>
            <endTime>2021-03-17T00:00:00+08:00</endTime>
            <elementValue>
              <value>29</value>
              <measures>C</measures>
            </elementValue>
          </time>
          <time>
            <startTime>2021-03-17T00:00:00+08:00</startTime>
            <endTime>2021-03-18T00:00:00+08:00</endTime>
            <elementValue>
              <value>31</value>
              <measures>C</measures>
            </elementValue>
          </time>
          <time>
            <startTime>2021-03-18T00:00:00+08:00</startTime>
            <endTime>2021-03-19T00:00:00+08:00</endTime>
            <elementValue>
              <value>32</value>
              <measures>C</measures>
            </elementValue>
          </time>
          <time>
            <startTime>2021-03-19T00:00:00+08:00</startTime>
            <endTime>2021-03-20T00:00:00+08:00</endTime>
            <elementValue>
              <value>31</value>
              <measures>C</measures>
            </elementValue>
          </time>
          <time>
            <startTime>2021-03-20T00:00:00+08:00</startTime>
            <endTime>2021-03-21T00:00:00+08:00</endTime>
            <elementValue>
              <value>31</value>
              <measures>C</measures>
            </elementValue>
          </time>
        </weatherElement>
        <weatherElement>
          <elementName>MinAT</elementName>
          <description>minimum athletic temperature</description>
          <time>
            <startTime>2021-03-14T06:00:00+08:00</startTime>
            <endTime>2021-03-15T00:00:00+08:00</endTime>
            <elementValue>
              <value>17</value>
              <measures>C</measures>
            </elementValue>
          </time>
          <time>
            <startTime>2021-03-15T00:00:00+08:00</startTime>
            <endTime>2021-03-16T00:00:00+08:00</endTime>
            <elementValue>
              <value>18</value>
              <measures>C</measures>
            </elementValue>
          </time>
          <time>
            <startTime>2021-03-16T00:00:00+08:00</startTime>
            <endTime>2021-03-17T00:00:00+08:00</endTime>
            <elementValue>
              <value>18</value>
              <measures>C</measures>
            </elementValue>
          </time>
          <time>
            <startTime>2021-03-17T00:00:00+08:00</startTime>
            <endTime>2021-03-18T00:00:00+08:00</endTime>
            <elementValue>
              <value>18</value>
              <measures>C</measures>
            </elementValue>
          </time>
          <time>
            <startTime>2021-03-18T00:00:00+08:00</startTime>
            <endTime>2021-03-19T00:00:00+08:00</endTime>
            <elementValue>
              <value>19</value>
              <measures>C</measures>
            </elementValue>
          </time>
          <time>
            <startTime>2021-03-19T00:00:00+08:00</startTime>
            <endTime>2021-03-20T00:00:00+08:00</endTime>
            <elementValue>
              <value>19</value>
              <measures>C</measures>
            </elementValue>
          </time>
          <time>
            <startTime>2021-03-20T00:00:00+08:00</startTime>
            <endTime>2021-03-21T00:00:00+08:00</endTime>
            <elementValue>
              <value>20</value>
              <measures>C</measures>
            </elementValue>
          </time>
        </weatherElement>
        <weatherElement>
          <elementName>MaxCI</elementName>
          <description>maximum comfort index</description>
          <time>
            <startTime>2021-03-14T06:00:00+08:00</startTime>
            <endTime>2021-03-15T00:00:00+08:00</endTime>
            <elementValue>
              <value>23</value>
              <measures>NA</measures>
            </elementValue>
          </time>
          <time>
            <startTime>2021-03-15T00:00:00+08:00</startTime>
            <endTime>2021-03-16T00:00:00+08:00</endTime>
            <elementValue>
              <value>24</value>
              <measures>NA</measures>
            </elementValue>
          </time>
          <time>
            <startTime>2021-03-16T00:00:00+08:00</startTime>
            <endTime>2021-03-17T00:00:00+08:00</endTime>
            <elementValue>
              <value>24</value>
              <measures>NA</measures>
            </elementValue>
          </time>
          <time>
            <startTime>2021-03-17T00:00:00+08:00</startTime>
            <endTime>2021-03-18T00:00:00+08:00</endTime>
            <elementValue>
              <value>25</value>
              <measures>NA</measures>
            </elementValue>
          </time>
          <time>
            <startTime>2021-03-18T00:00:00+08:00</startTime>
            <endTime>2021-03-19T00:00:00+08:00</endTime>
            <elementValue>
              <value>26</value>
              <measures>NA</measures>
            </elementValue>
          </time>
          <time>
            <startTime>2021-03-19T00:00:00+08:00</startTime>
            <endTime>2021-03-20T00:00:00+08:00</endTime>
            <elementValue>
              <value>26</value>
              <measures>NA</measures>
            </elementValue>
          </time>
          <time>
            <startTime>2021-03-20T00:00:00+08:00</startTime>
            <endTime>2021-03-21T00:00:00+08:00</endTime>
            <elementValue>
              <value>26</value>
              <measures>NA</measures>
            </elementValue>
          </time>
        </weatherElement>
        <weatherElement>
          <elementName>MinCI</elementName>
          <description>minimum comfort index</description>
          <time>
            <startTime>2021-03-14T06:00:00+08:00</startTime>
            <endTime>2021-03-15T00:00:00+08:00</endTime>
            <elementValue>
              <value>16</value>
              <measures>NA</measures>
            </elementValue>
          </time>
          <time>
            <startTime>2021-03-15T00:00:00+08:00</startTime>
            <endTime>2021-03-16T00:00:00+08:00</endTime>
            <elementValue>
              <value>17</value>
              <measures>NA</measures>
            </elementValue>
          </time>
          <time>
            <startTime>2021-03-16T00:00:00+08:00</startTime>
            <endTime>2021-03-17T00:00:00+08:00</endTime>
            <elementValue>
              <value>17</value>
              <measures>NA</measures>
            </elementValue>
          </time>
          <time>
            <startTime>2021-03-17T00:00:00+08:00</startTime>
            <endTime>2021-03-18T00:00:00+08:00</endTime>
            <elementValue>
              <value>18</value>
              <measures>NA</measures>
            </elementValue>
          </time>
          <time>
            <startTime>2021-03-18T00:00:00+08:00</startTime>
            <endTime>2021-03-19T00:00:00+08:00</endTime>
            <elementValue>
              <value>18</value>
              <measures>NA</measures>
            </elementValue>
          </time>
          <time>
            <startTime>2021-03-19T00:00:00+08:00</startTime>
            <endTime>2021-03-20T00:00:00+08:00</endTime>
            <elementValue>
              <value>19</value>
              <measures>NA</measures>
            </elementValue>
          </time>
          <time>
            <startTime>2021-03-20T00:00:00+08:00</startTime>
            <endTime>2021-03-21T00:00:00+08:00</endTime>
            <elementValue>
              <value>19</value>
              <measures>NA</measures>
            </elementValue>
          </time>
        </weatherElement>
        <weatherElement>
          <elementName>PoP24h</elementName>
          <description>24 hours probability of precipitation</description>
          <time>
            <startTime>2021-03-14T06:00:00+08:00</startTime>
            <endTime>2021-03-15T00:00:00+08:00</endTime>
            <elementValue>
              <value>10</value>
              <measures>%</measures>
            </elementValue>
          </time>
          <time>
            <startTime>2021-03-15T00:00:00+08:00</startTime>
            <endTime>2021-03-16T00:00:00+08:00</endTime>
            <elementValue>
              <value>10</value>
              <measures>%</measures>
            </elementValue>
          </time>
          <time>
            <startTime>2021-03-16T00:00:00+08:00</startTime>
            <endTime>2021-03-17T00:00:00+08:00</endTime>
            <elementValue>
              <value>0</value>
              <measures>%</measures>
            </elementValue>
          </time>
          <time>
            <startTime>2021-03-17T00:00:00+08:00</startTime>
            <endTime>2021-03-18T00:00:00+08:00</endTime>
            <elementValue>
              <value> </value>
              <measures>%</measures>
            </elementValue>
          </time>
          <time>
            <startTime>2021-03-18T00:00:00+08:00</startTime>
            <endTime>2021-03-19T00:00:00+08:00</endTime>
            <elementValue>
              <value> </value>
              <measures>%</measures>
            </elementValue>
          </time>
          <time>
            <startTime>2021-03-19T00:00:00+08:00</startTime>
            <endTime>2021-03-20T00:00:00+08:00</endTime>
            <elementValue>
              <value> </value>
              <measures>%</measures>
            </elementValue>
          </time>
          <time>
            <startTime>2021-03-20T00:00:00+08:00</startTime>
            <endTime>2021-03-21T00:00:00+08:00</endTime>
            <elementValue>
              <value> </value>
              <measures>%</measures>
            </elementValue>
          </time>
        </weatherElement>
        <weatherElement>
          <elementName>WD</elementName>
          <description>wind direction</description>
          <time>
            <startTime>2021-03-14T06:00:00+08:00</startTime>
            <endTime>2021-03-15T00:00:00+08:00</endTime>
            <elementValue>
              <value>NW</value>
              <measures>8 directions</measures>
            </elementValue>
          </time>
          <time>
            <startTime>2021-03-15T00:00:00+08:00</startTime>
            <endTime>2021-03-16T00:00:00+08:00</endTime>
            <elementValue>
              <value>NW</value>
              <measures>8 directions</measures>
            </elementValue>
          </time>
          <time>
            <startTime>2021-03-16T00:00:00+08:00</startTime>
            <endTime>2021-03-17T00:00:00+08:00</endTime>
            <elementValue>
              <value>N</value>
              <measures>8 directions</measures>
            </elementValue>
          </time>
          <time>
            <startTime>2021-03-17T00:00:00+08:00</startTime>
            <endTime>2021-03-18T00:00:00+08:00</endTime>
            <elementValue>
              <value>NW</value>
              <measures>8 directions</measures>
            </elementValue>
          </time>
          <time>
            <startTime>2021-03-18T00:00:00+08:00</startTime>
            <endTime>2021-03-19T00:00:00+08:00</endTime>
            <elementValue>
              <value>NW</value>
              <measures>8 directions</measures>
            </elementValue>
          </time>
          <time>
            <startTime>2021-03-19T00:00:00+08:00</startTime>
            <endTime>2021-03-20T00:00:00+08:00</endTime>
            <elementValue>
              <value>N</value>
              <measures>8 directions</measures>
            </elementValue>
          </time>
          <time>
            <startTime>2021-03-20T00:00:00+08:00</startTime>
            <endTime>2021-03-21T00:00:00+08:00</endTime>
            <elementValue>
              <value>N</value>
              <measures>8 directions</measures>
            </elementValue>
          </time>
        </weatherElement>
        <weatherElement>
          <elementName>WS</elementName>
          <description>maximum of wind speed</description>
          <time>
            <startTime>2021-03-14T06:00:00+08:00</startTime>
            <endTime>2021-03-15T00:00:00+08:00</endTime>
            <elementValue>
              <value>4</value>
              <measures>m/s</measures>
            </elementValue>
            <elementValue>
              <value>3</value>
              <measures>Beaufort</measures>
            </elementValue>
          </time>
          <time>
            <startTime>2021-03-15T00:00:00+08:00</startTime>
            <endTime>2021-03-16T00:00:00+08:00</endTime>
            <elementValue>
              <value>4</value>
              <measures>m/s</measures>
            </elementValue>
            <elementValue>
              <value>3</value>
              <measures>Beaufort</measures>
            </elementValue>
          </time>
          <time>
            <startTime>2021-03-16T00:00:00+08:00</startTime>
            <endTime>2021-03-17T00:00:00+08:00</endTime>
            <elementValue>
              <value>3</value>
              <measures>m/s</measures>
            </elementValue>
            <elementValue>
              <value>2</value>
              <measures>Beaufort</measures>
            </elementValue>
          </time>
          <time>
            <startTime>2021-03-17T00:00:00+08:00</startTime>
            <endTime>2021-03-18T00:00:00+08:00</endTime>
            <elementValue>
              <value>3</value>
              <measures>m/s</measures>
            </elementValue>
            <elementValue>
              <value>2</value>
              <measures>Beaufort</measures>
            </elementValue>
          </time>
          <time>
            <startTime>2021-03-18T00:00:00+08:00</startTime>
            <endTime>2021-03-19T00:00:00+08:00</endTime>
            <elementValue>
              <value>3</value>
              <measures>m/s</measures>
            </elementValue>
            <elementValue>
              <value>2</value>
              <measures>Beaufort</measures>
            </elementValue>
          </time>
          <time>
            <startTime>2021-03-19T00:00:00+08:00</startTime>
            <endTime>2021-03-20T00:00:00+08:00</endTime>
            <elementValue>
              <value>3</value>
              <measures>m/s</measures>
            </elementValue>
            <elementValue>
              <value>2</value>
              <measures>Beaufort</measures>
            </elementValue>
          </time>
          <time>
            <startTime>2021-03-20T00:00:00+08:00</startTime>
            <endTime>2021-03-21T00:00:00+08:00</endTime>
            <elementValue>
              <value>4</value>
              <measures>m/s</measures>
            </elementValue>
            <elementValue>
              <value>3</value>
              <measures>Beaufort</measures>
            </elementValue>
          </time>
        </weatherElement>
        <weatherElement>
          <elementName>Wx</elementName>
          <description>weather</description>
          <time>
            <startTime>2021-03-14T06:00:00+08:00</startTime>
            <endTime>2021-03-15T00:00:00+08:00</endTime>
            <elementValue>
              <value>Mostly cloudy</value>
              <measures>define Wx text by self</measures>
            </elementValue>
            <elementValue>
              <value>06</value>
              <measures>define Wx unit by self</measures>
            </elementValue>
          </time>
          <time>
            <startTime>2021-03-15T00:00:00+08:00</startTime>
            <endTime>2021-03-16T00:00:00+08:00</endTime>
            <elementValue>
              <value>Mostly clear</value>
              <measures>define Wx text by self</measures>
            </elementValue>
            <elementValue>
              <value>02</value>
              <measures>define Wx unit by self</measures>
            </elementValue>
          </time>
          <time>
            <startTime>2021-03-16T00:00:00+08:00</startTime>
            <endTime>2021-03-17T00:00:00+08:00</endTime>
            <elementValue>
              <value>Mostly clear</value>
              <measures>define Wx text by self</measures>
            </elementValue>
            <elementValue>
              <value>02</value>
              <measures>define Wx unit by self</measures>
            </elementValue>
          </time>
          <time>
            <startTime>2021-03-17T00:00:00+08:00</startTime>
            <endTime>2021-03-18T00:00:00+08:00</endTime>
            <elementValue>
              <value>Mostly clear</value>
              <measures>define Wx text by self</measures>
            </elementValue>
            <elementValue>
              <value>02</value>
              <measures>define Wx unit by self</measures>
            </elementValue>
          </time>
          <time>
            <startTime>2021-03-18T00:00:00+08:00</startTime>
            <endTime>2021-03-19T00:00:00+08:00</endTime>
            <elementValue>
              <value>Mostly clear</value>
              <measures>define Wx text by self</measures>
            </elementValue>
            <elementValue>
              <value>02</value>
              <measures>define Wx unit by self</measures>
            </elementValue>
          </time>
          <time>
            <startTime>2021-03-19T00:00:00+08:00</startTime>
            <endTime>2021-03-20T00:00:00+08:00</endTime>
            <elementValue>
              <value>Mostly clear</value>
              <measures>define Wx text by self</measures>
            </elementValue>
            <elementValue>
              <value>02</value>
              <measures>define Wx unit by self</measures>
            </elementValue>
          </time>
          <time>
            <startTime>2021-03-20T00:00:00+08:00</startTime>
            <endTime>2021-03-21T00:00:00+08:00</endTime>
            <elementValue>
              <value>Mostly clear</value>
              <measures>define Wx text by self</measures>
            </elementValue>
            <elementValue>
              <value>02</value>
              <measures>define Wx unit by self</measures>
            </elementValue>
          </time>
        </weatherElement>
        <weatherElement>
          <elementName>UVI</elementName>
          <description>Ultraviolet index</description>
          <time>
            <startTime>2021-03-14T06:00:00+08:00</startTime>
            <endTime>2021-03-14T18:00:00+08:00</endTime>
            <elementValue>
              <value>6</value>
              <measures>UV Index</measures>
            </elementValue>
            <elementValue>
              <value>High</value>
              <measures>Exposure Level</measures>
            </elementValue>
          </time>
          <time>
            <startTime>2021-03-15T06:00:00+08:00</startTime>
            <endTime>2021-03-15T18:00:00+08:00</endTime>
            <elementValue>
              <value>7</value>
              <measures>UV Index</measures>
            </elementValue>
            <elementValue>
              <value>High</value>
              <measures>Exposure Level</measures>
            </elementValue>
          </time>
          <time>
            <startTime>2021-03-16T06:00:00+08:00</startTime>
            <endTime>2021-03-16T18:00:00+08:00</endTime>
            <elementValue>
              <value>7</value>
              <measures>UV Index</measures>
            </elementValue>
            <elementValue>
              <value>High</value>
              <measures>Exposure Level</measures>
            </elementValue>
          </time>
          <time>
            <startTime>2021-03-17T06:00:00+08:00</startTime>
            <endTime>2021-03-17T18:00:00+08:00</endTime>
            <elementValue>
              <value>7</value>
              <measures>UV Index</measures>
            </elementValue>
            <elementValue>
              <value>High</value>
              <measures>Exposure Level</measures>
            </elementValue>
          </time>
          <time>
            <startTime>2021-03-18T06:00:00+08:00</startTime>
            <endTime>2021-03-18T18:00:00+08:00</endTime>
            <elementValue>
              <value>7</value>
              <measures>UV Index</measures>
            </elementValue>
            <elementValue>
              <value>High</value>
              <measures>Exposure Level</measures>
            </elementValue>
          </time>
          <time>
            <startTime>2021-03-19T06:00:00+08:00</startTime>
            <endTime>2021-03-19T18:00:00+08:00</endTime>
            <elementValue>
              <value>7</value>
              <measures>UV Index</measures>
            </elementValue>
            <elementValue>
              <value>High</value>
              <measures>Exposure Level</measures>
            </elementValue>
          </time>
          <time>
            <startTime>2021-03-20T06:00:00+08:00</startTime>
            <endTime>2021-03-20T18:00:00+08:00</endTime>
            <elementValue>
              <value>6</value>
              <measures>UV Index</measures>
            </elementValue>
            <elementValue>
              <value>High</value>
              <measures>Exposure Level</measures>
            </elementValue>
          </time>
        </weatherElement>
        <weatherElement>
          <elementName>WeatherDescription</elementName>
          <description>weather description</description>
          <time>
            <startTime>2021-03-14T06:00:00+08:00</startTime>
            <endTime>2021-03-15T00:00:00+08:00</endTime>
            <elementValue>
              <value>Mostly cloudy. Temperature between 16 and 26 centigrade. Cool~Comfortable. NW wind 4m/s. Chance of precipitation 10%.</value>
              <measures>NA</measures>
            </elementValue>
          </time>
          <time>
            <startTime>2021-03-15T00:00:00+08:00</startTime>
            <endTime>2021-03-16T00:00:00+08:00</endTime>
            <elementValue>
              <value>Mostly clear. Temperature between 17 and 27 centigrade. Cool~Comfortable. NW wind 4m/s. Chance of precipitation 10%.</value>
              <measures>NA</measures>
            </elementValue>
          </time>
          <time>
            <startTime>2021-03-16T00:00:00+08:00</startTime>
            <endTime>2021-03-17T00:00:00+08:00</endTime>
            <elementValue>
              <value>Mostly clear. Temperature between 17 and 28 centigrade. Cool~Comfortable. N wind 3m/s. Chance of precipitation 0%.</value>
              <measures>NA</measures>
            </elementValue>
          </time>
          <time>
            <startTime>2021-03-17T00:00:00+08:00</startTime>
            <endTime>2021-03-18T00:00:00+08:00</endTime>
            <elementValue>
              <value>Mostly clear. Temperature between 18 and 29 centigrade. Cool~Comfortable. NW wind 3m/s. </value>
              <measures>NA</measures>
            </elementValue>
          </time>
          <time>
            <startTime>2021-03-18T00:00:00+08:00</startTime>
            <endTime>2021-03-19T00:00:00+08:00</endTime>
            <elementValue>
              <value>Mostly clear. Temperature between 19 and 30 centigrade. Cool~Comfortable. NW wind 3m/s. </value>
              <measures>NA</measures>
            </elementValue>
          </time>
          <time>
            <startTime>2021-03-19T00:00:00+08:00</startTime>
            <endTime>2021-03-20T00:00:00+08:00</endTime>
            <elementValue>
              <value>Mostly clear. Temperature between 19 and 29 centigrade. Cool~Comfortable. N wind 3m/s. </value>
              <measures>NA</measures>
            </elementValue>
          </time>
          <time>
            <startTime>2021-03-20T00:00:00+08:00</startTime>
            <endTime>2021-03-21T00:00:00+08:00</endTime>
            <elementValue>
              <value>Mostly clear. Temperature between 20 and 29 centigrade. Cool~Comfortable. N wind 4m/s. </value>
              <measures>NA</measures>
            </elementValue>
          </time>
        </weatherElement>
      </location>
      <location>
        <locationName>West District</locationName>
        <geocode>1002002</geocode>
        <lat>23.466267</lat>
        <lon>120.427285</lon>
        <weatherElement>
          <elementName>T</elementName>
          <description>average of temperature</description>
          <time>
            <startTime>2021-03-14T06:00:00+08:00</startTime>
            <endTime>2021-03-15T00:00:00+08:00</endTime>
            <elementValue>
              <value>22</value>
              <measures>C</measures>
            </elementValue>
          </time>
          <time>
            <startTime>2021-03-15T00:00:00+08:00</startTime>
            <endTime>2021-03-16T00:00:00+08:00</endTime>
            <elementValue>
              <value>22</value>
              <measures>C</measures>
            </elementValue>
          </time>
          <time>
            <startTime>2021-03-16T00:00:00+08:00</startTime>
            <endTime>2021-03-17T00:00:00+08:00</endTime>
            <elementValue>
              <value>22</value>
              <measures>C</measures>
            </elementValue>
          </time>
          <time>
            <startTime>2021-03-17T00:00:00+08:00</startTime>
            <endTime>2021-03-18T00:00:00+08:00</endTime>
            <elementValue>
              <value>23</value>
              <measures>C</measures>
            </elementValue>
          </time>
          <time>
            <startTime>2021-03-18T00:00:00+08:00</startTime>
            <endTime>2021-03-19T00:00:00+08:00</endTime>
            <elementValue>
              <value>24</value>
              <measures>C</measures>
            </elementValue>
          </time>
          <time>
            <startTime>2021-03-19T00:00:00+08:00</startTime>
            <endTime>2021-03-20T00:00:00+08:00</endTime>
            <elementValue>
              <value>24</value>
              <measures>C</measures>
            </elementValue>
          </time>
          <time>
            <startTime>2021-03-20T00:00:00+08:00</startTime>
            <endTime>2021-03-21T00:00:00+08:00</endTime>
            <elementValue>
              <value>24</value>
              <measures>C</measures>
            </elementValue>
          </time>
        </weatherElement>
        <weatherElement>
          <elementName>Td</elementName>
          <description>average of dew point temperature</description>
          <time>
            <startTime>2021-03-14T06:00:00+08:00</startTime>
            <endTime>2021-03-15T00:00:00+08:00</endTime>
            <elementValue>
              <value>17</value>
              <measures>C</measures>
            </elementValue>
          </time>
          <time>
            <startTime>2021-03-15T00:00:00+08:00</startTime>
            <endTime>2021-03-16T00:00:00+08:00</endTime>
            <elementValue>
              <value>17</value>
              <measures>C</measures>
            </elementValue>
          </time>
          <time>
            <startTime>2021-03-16T00:00:00+08:00</startTime>
            <endTime>2021-03-17T00:00:00+08:00</endTime>
            <elementValue>
              <value>16</value>
              <measures>C</measures>
            </elementValue>
          </time>
          <time>
            <startTime>2021-03-17T00:00:00+08:00</startTime>
            <endTime>2021-03-18T00:00:00+08:00</endTime>
            <elementValue>
              <value>18</value>
              <measures>C</measures>
            </elementValue>
          </time>
          <time>
            <startTime>2021-03-18T00:00:00+08:00</startTime>
            <endTime>2021-03-19T00:00:00+08:00</endTime>
            <elementValue>
              <value>20</value>
              <measures>C</measures>
            </elementValue>
          </time>
          <time>
            <startTime>2021-03-19T00:00:00+08:00</startTime>
            <endTime>2021-03-20T00:00:00+08:00</endTime>
            <elementValue>
              <value>20</value>
              <measures>C</measures>
            </elementValue>
          </time>
          <time>
            <startTime>2021-03-20T00:00:00+08:00</startTime>
            <endTime>2021-03-21T00:00:00+08:00</endTime>
            <elementValue>
              <value>20</value>
              <measures>C</measures>
            </elementValue>
          </time>
        </weatherElement>
        <weatherElement>
          <elementName>RH</elementName>
          <description>average of relative humidity</description>
          <time>
            <startTime>2021-03-14T06:00:00+08:00</startTime>
            <endTime>2021-03-15T00:00:00+08:00</endTime>
            <elementValue>
              <value>74</value>
              <measures>%</measures>
            </elementValue>
          </time>
          <time>
            <startTime>2021-03-15T00:00:00+08:00</startTime>
            <endTime>2021-03-16T00:00:00+08:00</endTime>
            <elementValue>
              <value>78</value>
              <measures>%</measures>
            </elementValue>
          </time>
          <time>
            <startTime>2021-03-16T00:00:00+08:00</startTime>
            <endTime>2021-03-17T00:00:00+08:00</endTime>
            <elementValue>
              <value>72</value>
              <measures>%</measures>
            </elementValue>
          </time>
          <time>
            <startTime>2021-03-17T00:00:00+08:00</startTime>
            <endTime>2021-03-18T00:00:00+08:00</endTime>
            <elementValue>
              <value>76</value>
              <measures>%</measures>
            </elementValue>
          </time>
          <time>
            <startTime>2021-03-18T00:00:00+08:00</startTime>
            <endTime>2021-03-19T00:00:00+08:00</endTime>
            <elementValue>
              <value>79</value>
              <measures>%</measures>
            </elementValue>
          </time>
          <time>
            <startTime>2021-03-19T00:00:00+08:00</startTime>
            <endTime>2021-03-20T00:00:00+08:00</endTime>
            <elementValue>
              <value>80</value>
              <measures>%</measures>
            </elementValue>
          </time>
          <time>
            <startTime>2021-03-20T00:00:00+08:00</startTime>
            <endTime>2021-03-21T00:00:00+08:00</endTime>
            <elementValue>
              <value>82</value>
              <measures>%</measures>
            </elementValue>
          </time>
        </weatherElement>
        <weatherElement>
          <elementName>MaxT</elementName>
          <description>maximum temperature</description>
          <time>
            <startTime>2021-03-14T06:00:00+08:00</startTime>
            <endTime>2021-03-15T00:00:00+08:00</endTime>
            <elementValue>
              <value>26</value>
              <measures>C</measures>
            </elementValue>
          </time>
          <time>
            <startTime>2021-03-15T00:00:00+08:00</startTime>
            <endTime>2021-03-16T00:00:00+08:00</endTime>
            <elementValue>
              <value>27</value>
              <measures>C</measures>
            </elementValue>
          </time>
          <time>
            <startTime>2021-03-16T00:00:00+08:00</startTime>
            <endTime>2021-03-17T00:00:00+08:00</endTime>
            <elementValue>
              <value>28</value>
              <measures>C</measures>
            </elementValue>
          </time>
          <time>
            <startTime>2021-03-17T00:00:00+08:00</startTime>
            <endTime>2021-03-18T00:00:00+08:00</endTime>
            <elementValue>
              <value>29</value>
              <measures>C</measures>
            </elementValue>
          </time>
          <time>
            <startTime>2021-03-18T00:00:00+08:00</startTime>
            <endTime>2021-03-19T00:00:00+08:00</endTime>
            <elementValue>
              <value>30</value>
              <measures>C</measures>
            </elementValue>
          </time>
          <time>
            <startTime>2021-03-19T00:00:00+08:00</startTime>
            <endTime>2021-03-20T00:00:00+08:00</endTime>
            <elementValue>
              <value>29</value>
              <measures>C</measures>
            </elementValue>
          </time>
          <time>
            <startTime>2021-03-20T00:00:00+08:00</startTime>
            <endTime>2021-03-21T00:00:00+08:00</endTime>
            <elementValue>
              <value>29</value>
              <measures>C</measures>
            </elementValue>
          </time>
        </weatherElement>
        <weatherElement>
          <elementName>MinT</elementName>
          <description>minimum temperature</description>
          <time>
            <startTime>2021-03-14T06:00:00+08:00</startTime>
            <endTime>2021-03-15T00:00:00+08:00</endTime>
            <elementValue>
              <value>17</value>
              <measures>C</measures>
            </elementValue>
          </time>
          <time>
            <startTime>2021-03-15T00:00:00+08:00</startTime>
            <endTime>2021-03-16T00:00:00+08:00</endTime>
            <elementValue>
              <value>18</value>
              <measures>C</measures>
            </elementValue>
          </time>
          <time>
            <startTime>2021-03-16T00:00:00+08:00</startTime>
            <endTime>2021-03-17T00:00:00+08:00</endTime>
            <elementValue>
              <value>18</value>
              <measures>C</measures>
            </elementValue>
          </time>
          <time>
            <startTime>2021-03-17T00:00:00+08:00</startTime>
            <endTime>2021-03-18T00:00:00+08:00</endTime>
            <elementValue>
              <value>18</value>
              <measures>C</measures>
            </elementValue>
          </time>
          <time>
            <startTime>2021-03-18T00:00:00+08:00</startTime>
            <endTime>2021-03-19T00:00:00+08:00</endTime>
            <elementValue>
              <value>19</value>
              <measures>C</measures>
            </elementValue>
          </time>
          <time>
            <startTime>2021-03-19T00:00:00+08:00</startTime>
            <endTime>2021-03-20T00:00:00+08:00</endTime>
            <elementValue>
              <value>19</value>
              <measures>C</measures>
            </elementValue>
          </time>
          <time>
            <startTime>2021-03-20T00:00:00+08:00</startTime>
            <endTime>2021-03-21T00:00:00+08:00</endTime>
            <elementValue>
              <value>20</value>
              <measures>C</measures>
            </elementValue>
          </time>
        </weatherElement>
        <weatherElement>
          <elementName>MaxAT</elementName>
          <description>maximum athletic temperature</description>
          <time>
            <startTime>2021-03-14T06:00:00+08:00</startTime>
            <endTime>2021-03-15T00:00:00+08:00</endTime>
            <elementValue>
              <value>27</value>
              <measures>C</measures>
            </elementValue>
          </time>
          <time>
            <startTime>2021-03-15T00:00:00+08:00</startTime>
            <endTime>2021-03-16T00:00:00+08:00</endTime>
            <elementValue>
              <value>28</value>
              <measures>C</measures>
            </elementValue>
          </time>
          <time>
            <startTime>2021-03-16T00:00:00+08:00</startTime>
            <endTime>2021-03-17T00:00:00+08:00</endTime>
            <elementValue>
              <value>28</value>
              <measures>C</measures>
            </elementValue>
          </time>
          <time>
            <startTime>2021-03-17T00:00:00+08:00</startTime>
            <endTime>2021-03-18T00:00:00+08:00</endTime>
            <elementValue>
              <value>30</value>
              <measures>C</measures>
            </elementValue>
          </time>
          <time>
            <startTime>2021-03-18T00:00:00+08:00</startTime>
            <endTime>2021-03-19T00:00:00+08:00</endTime>
            <elementValue>
              <value>32</value>
              <measures>C</measures>
            </elementValue>
          </time>
          <time>
            <startTime>2021-03-19T00:00:00+08:00</startTime>
            <endTime>2021-03-20T00:00:00+08:00</endTime>
            <elementValue>
              <value>31</value>
              <measures>C</measures>
            </elementValue>
          </time>
          <time>
            <startTime>2021-03-20T00:00:00+08:00</startTime>
            <endTime>2021-03-21T00:00:00+08:00</endTime>
            <elementValue>
              <value>31</value>
              <measures>C</measures>
            </elementValue>
          </time>
        </weatherElement>
        <weatherElement>
          <elementName>MinAT</elementName>
          <description>minimum athletic temperature</description>
          <time>
            <startTime>2021-03-14T06:00:00+08:00</startTime>
            <endTime>2021-03-15T00:00:00+08:00</endTime>
            <elementValue>
              <value>16</value>
              <measures>C</measures>
            </elementValue>
          </time>
          <time>
            <startTime>2021-03-15T00:00:00+08:00</startTime>
            <endTime>2021-03-16T00:00:00+08:00</endTime>
            <elementValue>
              <value>18</value>
              <measures>C</measures>
            </elementValue>
          </time>
          <time>
            <startTime>2021-03-16T00:00:00+08:00</startTime>
            <endTime>2021-03-17T00:00:00+08:00</endTime>
            <elementValue>
              <value>18</value>
              <measures>C</measures>
            </elementValue>
          </time>
          <time>
            <startTime>2021-03-17T00:00:00+08:00</startTime>
            <endTime>2021-03-18T00:00:00+08:00</endTime>
            <elementValue>
              <value>18</value>
              <measures>C</measures>
            </elementValue>
          </time>
          <time>
            <startTime>2021-03-18T00:00:00+08:00</startTime>
            <endTime>2021-03-19T00:00:00+08:00</endTime>
            <elementValue>
              <value>19</value>
              <measures>C</measures>
            </elementValue>
          </time>
          <time>
            <startTime>2021-03-19T00:00:00+08:00</startTime>
            <endTime>2021-03-20T00:00:00+08:00</endTime>
            <elementValue>
              <value>19</value>
              <measures>C</measures>
            </elementValue>
          </time>
          <time>
            <startTime>2021-03-20T00:00:00+08:00</startTime>
            <endTime>2021-03-21T00:00:00+08:00</endTime>
            <elementValue>
              <value>20</value>
              <measures>C</measures>
            </elementValue>
          </time>
        </weatherElement>
        <weatherElement>
          <elementName>MaxCI</elementName>
          <description>maximum comfort index</description>
          <time>
            <startTime>2021-03-14T06:00:00+08:00</startTime>
            <endTime>2021-03-15T00:00:00+08:00</endTime>
            <elementValue>
              <value>23</value>
              <measures>NA</measures>
            </elementValue>
          </time>
          <time>
            <startTime>2021-03-15T00:00:00+08:00</startTime>
            <endTime>2021-03-16T00:00:00+08:00</endTime>
            <elementValue>
              <value>24</value>
              <measures>NA</measures>
            </elementValue>
          </time>
          <time>
            <startTime>2021-03-16T00:00:00+08:00</startTime>
            <endTime>2021-03-17T00:00:00+08:00</endTime>
            <elementValue>
              <value>24</value>
              <measures>NA</measures>
            </elementValue>
          </time>
          <time>
            <startTime>2021-03-17T00:00:00+08:00</startTime>
            <endTime>2021-03-18T00:00:00+08:00</endTime>
            <elementValue>
              <value>25</value>
              <measures>NA</measures>
            </elementValue>
          </time>
          <time>
            <startTime>2021-03-18T00:00:00+08:00</startTime>
            <endTime>2021-03-19T00:00:00+08:00</endTime>
            <elementValue>
              <value>26</value>
              <measures>NA</measures>
            </elementValue>
          </time>
          <time>
            <startTime>2021-03-19T00:00:00+08:00</startTime>
            <endTime>2021-03-20T00:00:00+08:00</endTime>
            <elementValue>
              <value>26</value>
              <measures>NA</measures>
            </elementValue>
          </time>
          <time>
            <startTime>2021-03-20T00:00:00+08:00</startTime>
            <endTime>2021-03-21T00:00:00+08:00</endTime>
            <elementValue>
              <value>26</value>
              <measures>NA</measures>
            </elementValue>
          </time>
        </weatherElement>
        <weatherElement>
          <elementName>MinCI</elementName>
          <description>minimum comfort index</description>
          <time>
            <startTime>2021-03-14T06:00:00+08:00</startTime>
            <endTime>2021-03-15T00:00:00+08:00</endTime>
            <elementValue>
              <value>17</value>
              <measures>NA</measures>
            </elementValue>
          </time>
          <time>
            <startTime>2021-03-15T00:00:00+08:00</startTime>
            <endTime>2021-03-16T00:00:00+08:00</endTime>
            <elementValue>
              <value>18</value>
              <measures>NA</measures>
            </elementValue>
          </time>
          <time>
            <startTime>2021-03-16T00:00:00+08:00</startTime>
            <endTime>2021-03-17T00:00:00+08:00</endTime>
            <elementValue>
              <value>18</value>
              <measures>NA</measures>
            </elementValue>
          </time>
          <time>
            <startTime>2021-03-17T00:00:00+08:00</startTime>
            <endTime>2021-03-18T00:00:00+08:00</endTime>
            <elementValue>
              <value>18</value>
              <measures>NA</measures>
            </elementValue>
          </time>
          <time>
            <startTime>2021-03-18T00:00:00+08:00</startTime>
            <endTime>2021-03-19T00:00:00+08:00</endTime>
            <elementValue>
              <value>19</value>
              <measures>NA</measures>
            </elementValue>
          </time>
          <time>
            <startTime>2021-03-19T00:00:00+08:00</startTime>
            <endTime>2021-03-20T00:00:00+08:00</endTime>
            <elementValue>
              <value>19</value>
              <measures>NA</measures>
            </elementValue>
          </time>
          <time>
            <startTime>2021-03-20T00:00:00+08:00</startTime>
            <endTime>2021-03-21T00:00:00+08:00</endTime>
            <elementValue>
              <value>20</value>
              <measures>NA</measures>
            </elementValue>
          </time>
        </weatherElement>
        <weatherElement>
          <elementName>PoP24h</elementName>
          <description>24 hours probability of precipitation</description>
          <time>
            <startTime>2021-03-14T06:00:00+08:00</startTime>
            <endTime>2021-03-15T00:00:00+08:00</endTime>
            <elementValue>
              <value>10</value>
              <measures>%</measures>
            </elementValue>
          </time>
          <time>
            <startTime>2021-03-15T00:00:00+08:00</startTime>
            <endTime>2021-03-16T00:00:00+08:00</endTime>
            <elementValue>
              <value>10</value>
              <measures>%</measures>
            </elementValue>
          </time>
          <time>
            <startTime>2021-03-16T00:00:00+08:00</startTime>
            <endTime>2021-03-17T00:00:00+08:00</endTime>
            <elementValue>
              <value>0</value>
              <measures>%</measures>
            </elementValue>
          </time>
          <time>
            <startTime>2021-03-17T00:00:00+08:00</startTime>
            <endTime>2021-03-18T00:00:00+08:00</endTime>
            <elementValue>
              <value> </value>
              <measures>%</measures>
            </elementValue>
          </time>
          <time>
            <startTime>2021-03-18T00:00:00+08:00</startTime>
            <endTime>2021-03-19T00:00:00+08:00</endTime>
            <elementValue>
              <value> </value>
              <measures>%</measures>
            </elementValue>
          </time>
          <time>
            <startTime>2021-03-19T00:00:00+08:00</startTime>
            <endTime>2021-03-20T00:00:00+08:00</endTime>
            <elementValue>
              <value> </value>
              <measures>%</measures>
            </elementValue>
          </time>
          <time>
            <startTime>2021-03-20T00:00:00+08:00</startTime>
            <endTime>2021-03-21T00:00:00+08:00</endTime>
            <elementValue>
              <value> </value>
              <measures>%</measures>
            </elementValue>
          </time>
        </weatherElement>
        <weatherElement>
          <elementName>WD</elementName>
          <description>wind direction</description>
          <time>
            <startTime>2021-03-14T06:00:00+08:00</startTime>
            <endTime>2021-03-15T00:00:00+08:00</endTime>
            <elementValue>
              <value>NW</value>
              <measures>8 directions</measures>
            </elementValue>
          </time>
          <time>
            <startTime>2021-03-15T00:00:00+08:00</startTime>
            <endTime>2021-03-16T00:00:00+08:00</endTime>
            <elementValue>
              <value>W</value>
              <measures>8 directions</measures>
            </elementValue>
          </time>
          <time>
            <startTime>2021-03-16T00:00:00+08:00</startTime>
            <endTime>2021-03-17T00:00:00+08:00</endTime>
            <elementValue>
              <value>N</value>
              <measures>8 directions</measures>
            </elementValue>
          </time>
          <time>
            <startTime>2021-03-17T00:00:00+08:00</startTime>
            <endTime>2021-03-18T00:00:00+08:00</endTime>
            <elementValue>
              <value>N</value>
              <measures>8 directions</measures>
            </elementValue>
          </time>
          <time>
            <startTime>2021-03-18T00:00:00+08:00</startTime>
            <endTime>2021-03-19T00:00:00+08:00</endTime>
            <elementValue>
              <value>NW</value>
              <measures>8 directions</measures>
            </elementValue>
          </time>
          <time>
            <startTime>2021-03-19T00:00:00+08:00</startTime>
            <endTime>2021-03-20T00:00:00+08:00</endTime>
            <elementValue>
              <value>N</value>
              <measures>8 directions</measures>
            </elementValue>
          </time>
          <time>
            <startTime>2021-03-20T00:00:00+08:00</startTime>
            <endTime>2021-03-21T00:00:00+08:00</endTime>
            <elementValue>
              <value>N</value>
              <measures>8 directions</measures>
            </elementValue>
          </time>
        </weatherElement>
        <weatherElement>
          <elementName>WS</elementName>
          <description>maximum of wind speed</description>
          <time>
            <startTime>2021-03-14T06:00:00+08:00</startTime>
            <endTime>2021-03-15T00:00:00+08:00</endTime>
            <elementValue>
              <value>4</value>
              <measures>m/s</measures>
            </elementValue>
            <elementValue>
              <value>3</value>
              <measures>Beaufort</measures>
            </elementValue>
          </time>
          <time>
            <startTime>2021-03-15T00:00:00+08:00</startTime>
            <endTime>2021-03-16T00:00:00+08:00</endTime>
            <elementValue>
              <value>4</value>
              <measures>m/s</measures>
            </elementValue>
            <elementValue>
              <value>3</value>
              <measures>Beaufort</measures>
            </elementValue>
          </time>
          <time>
            <startTime>2021-03-16T00:00:00+08:00</startTime>
            <endTime>2021-03-17T00:00:00+08:00</endTime>
            <elementValue>
              <value>3</value>
              <measures>m/s</measures>
            </elementValue>
            <elementValue>
              <value>2</value>
              <measures>Beaufort</measures>
            </elementValue>
          </time>
          <time>
            <startTime>2021-03-17T00:00:00+08:00</startTime>
            <endTime>2021-03-18T00:00:00+08:00</endTime>
            <elementValue>
              <value>3</value>
              <measures>m/s</measures>
            </elementValue>
            <elementValue>
              <value>2</value>
              <measures>Beaufort</measures>
            </elementValue>
          </time>
          <time>
            <startTime>2021-03-18T00:00:00+08:00</startTime>
            <endTime>2021-03-19T00:00:00+08:00</endTime>
            <elementValue>
              <value>3</value>
              <measures>m/s</measures>
            </elementValue>
            <elementValue>
              <value>2</value>
              <measures>Beaufort</measures>
            </elementValue>
          </time>
          <time>
            <startTime>2021-03-19T00:00:00+08:00</startTime>
            <endTime>2021-03-20T00:00:00+08:00</endTime>
            <elementValue>
              <value>3</value>
              <measures>m/s</measures>
            </elementValue>
            <elementValue>
              <value>2</value>
              <measures>Beaufort</measures>
            </elementValue>
          </time>
          <time>
            <startTime>2021-03-20T00:00:00+08:00</startTime>
            <endTime>2021-03-21T00:00:00+08:00</endTime>
            <elementValue>
              <value>5</value>
              <measures>m/s</measures>
            </elementValue>
            <elementValue>
              <value>3</value>
              <measures>Beaufort</measures>
            </elementValue>
          </time>
        </weatherElement>
        <weatherElement>
          <elementName>Wx</elementName>
          <description>weather</description>
          <time>
            <startTime>2021-03-14T06:00:00+08:00</startTime>
            <endTime>2021-03-15T00:00:00+08:00</endTime>
            <elementValue>
              <value>Mostly cloudy</value>
              <measures>define Wx text by self</measures>
            </elementValue>
            <elementValue>
              <value>06</value>
              <measures>define Wx unit by self</measures>
            </elementValue>
          </time>
          <time>
            <startTime>2021-03-15T00:00:00+08:00</startTime>
            <endTime>2021-03-16T00:00:00+08:00</endTime>
            <elementValue>
              <value>Mostly clear</value>
              <measures>define Wx text by self</measures>
            </elementValue>
            <elementValue>
              <value>02</value>
              <measures>define Wx unit by self</measures>
            </elementValue>
          </time>
          <time>
            <startTime>2021-03-16T00:00:00+08:00</startTime>
            <endTime>2021-03-17T00:00:00+08:00</endTime>
            <elementValue>
              <value>Mostly clear</value>
              <measures>define Wx text by self</measures>
            </elementValue>
            <elementValue>
              <value>02</value>
              <measures>define Wx unit by self</measures>
            </elementValue>
          </time>
          <time>
            <startTime>2021-03-17T00:00:00+08:00</startTime>
            <endTime>2021-03-18T00:00:00+08:00</endTime>
            <elementValue>
              <value>Mostly clear</value>
              <measures>define Wx text by self</measures>
            </elementValue>
            <elementValue>
              <value>02</value>
              <measures>define Wx unit by self</measures>
            </elementValue>
          </time>
          <time>
            <startTime>2021-03-18T00:00:00+08:00</startTime>
            <endTime>2021-03-19T00:00:00+08:00</endTime>
            <elementValue>
              <value>Mostly clear</value>
              <measures>define Wx text by self</measures>
            </elementValue>
            <elementValue>
              <value>02</value>
              <measures>define Wx unit by self</measures>
            </elementValue>
          </time>
          <time>
            <startTime>2021-03-19T00:00:00+08:00</startTime>
            <endTime>2021-03-20T00:00:00+08:00</endTime>
            <elementValue>
              <value>Mostly clear</value>
              <measures>define Wx text by self</measures>
            </elementValue>
            <elementValue>
              <value>02</value>
              <measures>define Wx unit by self</measures>
            </elementValue>
          </time>
          <time>
            <startTime>2021-03-20T00:00:00+08:00</startTime>
            <endTime>2021-03-21T00:00:00+08:00</endTime>
            <elementValue>
              <value>Mostly clear</value>
              <measures>define Wx text by self</measures>
            </elementValue>
            <elementValue>
              <value>02</value>
              <measures>define Wx unit by self</measures>
            </elementValue>
          </time>
        </weatherElement>
        <weatherElement>
          <elementName>UVI</elementName>
          <description>Ultraviolet index</description>
          <time>
            <startTime>2021-03-14T06:00:00+08:00</startTime>
            <endTime>2021-03-14T18:00:00+08:00</endTime>
            <elementValue>
              <value>6</value>
              <measures>UV Index</measures>
            </elementValue>
            <elementValue>
              <value>High</value>
              <measures>Exposure Level</measures>
            </elementValue>
          </time>
          <time>
            <startTime>2021-03-15T06:00:00+08:00</startTime>
            <endTime>2021-03-15T18:00:00+08:00</endTime>
            <elementValue>
              <value>6</value>
              <measures>UV Index</measures>
            </elementValue>
            <elementValue>
              <value>High</value>
              <measures>Exposure Level</measures>
            </elementValue>
          </time>
          <time>
            <startTime>2021-03-16T06:00:00+08:00</startTime>
            <endTime>2021-03-16T18:00:00+08:00</endTime>
            <elementValue>
              <value>7</value>
              <measures>UV Index</measures>
            </elementValue>
            <elementValue>
              <value>High</value>
              <measures>Exposure Level</measures>
            </elementValue>
          </time>
          <time>
            <startTime>2021-03-17T06:00:00+08:00</startTime>
            <endTime>2021-03-17T18:00:00+08:00</endTime>
            <elementValue>
              <value>7</value>
              <measures>UV Index</measures>
            </elementValue>
            <elementValue>
              <value>High</value>
              <measures>Exposure Level</measures>
            </elementValue>
          </time>
          <time>
            <startTime>2021-03-18T06:00:00+08:00</startTime>
            <endTime>2021-03-18T18:00:00+08:00</endTime>
            <elementValue>
              <value>7</value>
              <measures>UV Index</measures>
            </elementValue>
            <elementValue>
              <value>High</value>
              <measures>Exposure Level</measures>
            </elementValue>
          </time>
          <time>
            <startTime>2021-03-19T06:00:00+08:00</startTime>
            <endTime>2021-03-19T18:00:00+08:00</endTime>
            <elementValue>
              <value>7</value>
              <measures>UV Index</measures>
            </elementValue>
            <elementValue>
              <value>High</value>
              <measures>Exposure Level</measures>
            </elementValue>
          </time>
          <time>
            <startTime>2021-03-20T06:00:00+08:00</startTime>
            <endTime>2021-03-20T18:00:00+08:00</endTime>
            <elementValue>
              <value>6</value>
              <measures>UV Index</measures>
            </elementValue>
            <elementValue>
              <value>High</value>
              <measures>Exposure Level</measures>
            </elementValue>
          </time>
        </weatherElement>
        <weatherElement>
          <elementName>WeatherDescription</elementName>
          <description>weather description</description>
          <time>
            <startTime>2021-03-14T06:00:00+08:00</startTime>
            <endTime>2021-03-15T00:00:00+08:00</endTime>
            <elementValue>
              <value>Mostly cloudy. Temperature between 17 and 26 centigrade. Cool~Comfortable. NW wind 4m/s. Chance of precipitation 10%.</value>
              <measures>NA</measures>
            </elementValue>
          </time>
          <time>
            <startTime>2021-03-15T00:00:00+08:00</startTime>
            <endTime>2021-03-16T00:00:00+08:00</endTime>
            <elementValue>
              <value>Mostly clear. Temperature between 18 and 27 centigrade. Cool~Comfortable. W wind 4m/s. Chance of precipitation 10%.</value>
              <measures>NA</measures>
            </elementValue>
          </time>
          <time>
            <startTime>2021-03-16T00:00:00+08:00</startTime>
            <endTime>2021-03-17T00:00:00+08:00</endTime>
            <elementValue>
              <value>Mostly clear. Temperature between 18 and 28 centigrade. Cool~Comfortable. N wind 3m/s. Chance of precipitation 0%.</value>
              <measures>NA</measures>
            </elementValue>
          </time>
          <time>
            <startTime>2021-03-17T00:00:00+08:00</startTime>
            <endTime>2021-03-18T00:00:00+08:00</endTime>
            <elementValue>
              <value>Mostly clear. Temperature between 18 and 29 centigrade. Cool~Comfortable. N wind 3m/s. </value>
              <measures>NA</measures>
            </elementValue>
          </time>
          <time>
            <startTime>2021-03-18T00:00:00+08:00</startTime>
            <endTime>2021-03-19T00:00:00+08:00</endTime>
            <elementValue>
              <value>Mostly clear. Temperature between 19 and 30 centigrade. Cool~Comfortable. NW wind 3m/s. </value>
              <measures>NA</measures>
            </elementValue>
          </time>
          <time>
            <startTime>2021-03-19T00:00:00+08:00</startTime>
            <endTime>2021-03-20T00:00:00+08:00</endTime>
            <elementValue>
              <value>Mostly clear. Temperature between 19 and 29 centigrade. Cool~Comfortable. N wind 3m/s. </value>
              <measures>NA</measures>
            </elementValue>
          </time>
          <time>
            <startTime>2021-03-20T00:00:00+08:00</startTime>
            <endTime>2021-03-21T00:00:00+08:00</endTime>
            <elementValue>
              <value>Mostly clear. Temperature between 20 and 29 centigrade. Comfortable. N wind 5m/s. </value>
              <measures>NA</measures>
            </elementValue>
          </time>
        </weatherElement>
      </location>
    </locations>
  </dataset>
</cwbopendata>
