<?xml version="1.0" encoding="utf-8"?>
<cwbopendata xmlns="urn:cwb:gov:tw:cwbcommon:0.1">
  <identifier>dcd7cfe9-f42c-4ef6-8315-896c53a1cd2e</identifier>
  <sender>weather@cwb.gov.tw</sender>
  <sent>2021-05-13T06:36:51+08:00</sent>
  <status>Actual</status>
  <scope>Public</scope>
  <msgType>Issue</msgType>
  <dataid>null</dataid>
  <source>MFC</source>
  <dataset>
    <datasetInfo>
      <datasetDescription>Seven Days Weather Forecast of 368 townships</datasetDescription>
      <datasetLanguage>EN</datasetLanguage>
      <issueTime>2021-05-13T05:00:00+08:00</issueTime>
      <validTime>
        <startTime>2021-05-13T06:00:00+08:00</startTime>
        <endTime>2021-05-21T05:00:00+08:00</endTime>
      </validTime>
      <update>2021-05-13T06:36:51+08:00</update>
    </datasetInfo>
    <locations>
      <locationsName>Chiayi City</locationsName>
      <location>
        <locationName>East District</locationName>
        <geocode>10020010</geocode>
        <lat>23.480384</lat>
        <lon>120.445361</lon>
        <weatherElement>
          <elementName>T</elementName>
          <description>average of temperature</description>
          <time>
            <startTime>2021-05-13T06:00:00+08:00</startTime>
            <endTime>2021-05-14T00:00:00+08:00</endTime>
            <elementValue>
              <value>31</value>
              <measures>C</measures>
            </elementValue>
          </time>
          <time>
            <startTime>2021-05-14T00:00:00+08:00</startTime>
            <endTime>2021-05-15T00:00:00+08:00</endTime>
            <elementValue>
              <value>30</value>
              <measures>C</measures>
            </elementValue>
          </time>
          <time>
            <startTime>2021-05-15T00:00:00+08:00</startTime>
            <endTime>2021-05-16T00:00:00+08:00</endTime>
            <elementValue>
              <value>30</value>
              <measures>C</measures>
            </elementValue>
          </time>
          <time>
            <startTime>2021-05-16T00:00:00+08:00</startTime>
            <endTime>2021-05-17T00:00:00+08:00</endTime>
            <elementValue>
              <value>30</value>
              <measures>C</measures>
            </elementValue>
          </time>
          <time>
            <startTime>2021-05-17T00:00:00+08:00</startTime>
            <endTime>2021-05-18T00:00:00+08:00</endTime>
            <elementValue>
              <value>30</value>
              <measures>C</measures>
            </elementValue>
          </time>
          <time>
            <startTime>2021-05-18T00:00:00+08:00</startTime>
            <endTime>2021-05-19T00:00:00+08:00</endTime>
            <elementValue>
              <value>29</value>
              <measures>C</measures>
            </elementValue>
          </time>
          <time>
            <startTime>2021-05-19T00:00:00+08:00</startTime>
            <endTime>2021-05-20T00:00:00+08:00</endTime>
            <elementValue>
              <value>28</value>
              <measures>C</measures>
            </elementValue>
          </time>
        </weatherElement>
        <weatherElement>
          <elementName>Td</elementName>
          <description>average of dew point temperature</description>
          <time>
            <startTime>2021-05-13T06:00:00+08:00</startTime>
            <endTime>2021-05-14T00:00:00+08:00</endTime>
            <elementValue>
              <value>23</value>
              <measures>C</measures>
            </elementValue>
          </time>
          <time>
            <startTime>2021-05-14T00:00:00+08:00</startTime>
            <endTime>2021-05-15T00:00:00+08:00</endTime>
            <elementValue>
              <value>23</value>
              <measures>C</measures>
            </elementValue>
          </time>
          <time>
            <startTime>2021-05-15T00:00:00+08:00</startTime>
            <endTime>2021-05-16T00:00:00+08:00</endTime>
            <elementValue>
              <value>24</value>
              <measures>C</measures>
            </elementValue>
          </time>
          <time>
            <startTime>2021-05-16T00:00:00+08:00</startTime>
            <endTime>2021-05-17T00:00:00+08:00</endTime>
            <elementValue>
              <value>25</value>
              <measures>C</measures>
            </elementValue>
          </time>
          <time>
            <startTime>2021-05-17T00:00:00+08:00</startTime>
            <endTime>2021-05-18T00:00:00+08:00</endTime>
            <elementValue>
              <value>25</value>
              <measures>C</measures>
            </elementValue>
          </time>
          <time>
            <startTime>2021-05-18T00:00:00+08:00</startTime>
            <endTime>2021-05-19T00:00:00+08:00</endTime>
            <elementValue>
              <value>24</value>
              <measures>C</measures>
            </elementValue>
          </time>
          <time>
            <startTime>2021-05-19T00:00:00+08:00</startTime>
            <endTime>2021-05-20T00:00:00+08:00</endTime>
            <elementValue>
              <value>23</value>
              <measures>C</measures>
            </elementValue>
          </time>
        </weatherElement>
        <weatherElement>
          <elementName>RH</elementName>
          <description>average of relative humidity</description>
          <time>
            <startTime>2021-05-13T06:00:00+08:00</startTime>
            <endTime>2021-05-14T00:00:00+08:00</endTime>
            <elementValue>
              <value>63</value>
              <measures>%</measures>
            </elementValue>
          </time>
          <time>
            <startTime>2021-05-14T00:00:00+08:00</startTime>
            <endTime>2021-05-15T00:00:00+08:00</endTime>
            <elementValue>
              <value>68</value>
              <measures>%</measures>
            </elementValue>
          </time>
          <time>
            <startTime>2021-05-15T00:00:00+08:00</startTime>
            <endTime>2021-05-16T00:00:00+08:00</endTime>
            <elementValue>
              <value>70</value>
              <measures>%</measures>
            </elementValue>
          </time>
          <time>
            <startTime>2021-05-16T00:00:00+08:00</startTime>
            <endTime>2021-05-17T00:00:00+08:00</endTime>
            <elementValue>
              <value>73</value>
              <measures>%</measures>
            </elementValue>
          </time>
          <time>
            <startTime>2021-05-17T00:00:00+08:00</startTime>
            <endTime>2021-05-18T00:00:00+08:00</endTime>
            <elementValue>
              <value>74</value>
              <measures>%</measures>
            </elementValue>
          </time>
          <time>
            <startTime>2021-05-18T00:00:00+08:00</startTime>
            <endTime>2021-05-19T00:00:00+08:00</endTime>
            <elementValue>
              <value>75</value>
              <measures>%</measures>
            </elementValue>
          </time>
          <time>
            <startTime>2021-05-19T00:00:00+08:00</startTime>
            <endTime>2021-05-20T00:00:00+08:00</endTime>
            <elementValue>
              <value>75</value>
              <measures>%</measures>
            </elementValue>
          </time>
        </weatherElement>
        <weatherElement>
          <elementName>MaxT</elementName>
          <description>maximum temperature</description>
          <time>
            <startTime>2021-05-13T06:00:00+08:00</startTime>
            <endTime>2021-05-14T00:00:00+08:00</endTime>
            <elementValue>
              <value>36</value>
              <measures>C</measures>
            </elementValue>
          </time>
          <time>
            <startTime>2021-05-14T00:00:00+08:00</startTime>
            <endTime>2021-05-15T00:00:00+08:00</endTime>
            <elementValue>
              <value>36</value>
              <measures>C</measures>
            </elementValue>
          </time>
          <time>
            <startTime>2021-05-15T00:00:00+08:00</startTime>
            <endTime>2021-05-16T00:00:00+08:00</endTime>
            <elementValue>
              <value>36</value>
              <measures>C</measures>
            </elementValue>
          </time>
          <time>
            <startTime>2021-05-16T00:00:00+08:00</startTime>
            <endTime>2021-05-17T00:00:00+08:00</endTime>
            <elementValue>
              <value>36</value>
              <measures>C</measures>
            </elementValue>
          </time>
          <time>
            <startTime>2021-05-17T00:00:00+08:00</startTime>
            <endTime>2021-05-18T00:00:00+08:00</endTime>
            <elementValue>
              <value>36</value>
              <measures>C</measures>
            </elementValue>
          </time>
          <time>
            <startTime>2021-05-18T00:00:00+08:00</startTime>
            <endTime>2021-05-19T00:00:00+08:00</endTime>
            <elementValue>
              <value>34</value>
              <measures>C</measures>
            </elementValue>
          </time>
          <time>
            <startTime>2021-05-19T00:00:00+08:00</startTime>
            <endTime>2021-05-20T00:00:00+08:00</endTime>
            <elementValue>
              <value>33</value>
              <measures>C</measures>
            </elementValue>
          </time>
        </weatherElement>
        <weatherElement>
          <elementName>MinT</elementName>
          <description>minimum temperature</description>
          <time>
            <startTime>2021-05-13T06:00:00+08:00</startTime>
            <endTime>2021-05-14T00:00:00+08:00</endTime>
            <elementValue>
              <value>25</value>
              <measures>C</measures>
            </elementValue>
          </time>
          <time>
            <startTime>2021-05-14T00:00:00+08:00</startTime>
            <endTime>2021-05-15T00:00:00+08:00</endTime>
            <elementValue>
              <value>25</value>
              <measures>C</measures>
            </elementValue>
          </time>
          <time>
            <startTime>2021-05-15T00:00:00+08:00</startTime>
            <endTime>2021-05-16T00:00:00+08:00</endTime>
            <elementValue>
              <value>25</value>
              <measures>C</measures>
            </elementValue>
          </time>
          <time>
            <startTime>2021-05-16T00:00:00+08:00</startTime>
            <endTime>2021-05-17T00:00:00+08:00</endTime>
            <elementValue>
              <value>26</value>
              <measures>C</measures>
            </elementValue>
          </time>
          <time>
            <startTime>2021-05-17T00:00:00+08:00</startTime>
            <endTime>2021-05-18T00:00:00+08:00</endTime>
            <elementValue>
              <value>25</value>
              <measures>C</measures>
            </elementValue>
          </time>
          <time>
            <startTime>2021-05-18T00:00:00+08:00</startTime>
            <endTime>2021-05-19T00:00:00+08:00</endTime>
            <elementValue>
              <value>25</value>
              <measures>C</measures>
            </elementValue>
          </time>
          <time>
            <startTime>2021-05-19T00:00:00+08:00</startTime>
            <endTime>2021-05-20T00:00:00+08:00</endTime>
            <elementValue>
              <value>24</value>
              <measures>C</measures>
            </elementValue>
          </time>
        </weatherElement>
        <weatherElement>
          <elementName>MaxAT</elementName>
          <description>maximum athletic temperature</description>
          <time>
            <startTime>2021-05-13T06:00:00+08:00</startTime>
            <endTime>2021-05-14T00:00:00+08:00</endTime>
            <elementValue>
              <value>41</value>
              <measures>C</measures>
            </elementValue>
          </time>
          <time>
            <startTime>2021-05-14T00:00:00+08:00</startTime>
            <endTime>2021-05-15T00:00:00+08:00</endTime>
            <elementValue>
              <value>40</value>
              <measures>C</measures>
            </elementValue>
          </time>
          <time>
            <startTime>2021-05-15T00:00:00+08:00</startTime>
            <endTime>2021-05-16T00:00:00+08:00</endTime>
            <elementValue>
              <value>42</value>
              <measures>C</measures>
            </elementValue>
          </time>
          <time>
            <startTime>2021-05-16T00:00:00+08:00</startTime>
            <endTime>2021-05-17T00:00:00+08:00</endTime>
            <elementValue>
              <value>41</value>
              <measures>C</measures>
            </elementValue>
          </time>
          <time>
            <startTime>2021-05-17T00:00:00+08:00</startTime>
            <endTime>2021-05-18T00:00:00+08:00</endTime>
            <elementValue>
              <value>42</value>
              <measures>C</measures>
            </elementValue>
          </time>
          <time>
            <startTime>2021-05-18T00:00:00+08:00</startTime>
            <endTime>2021-05-19T00:00:00+08:00</endTime>
            <elementValue>
              <value>40</value>
              <measures>C</measures>
            </elementValue>
          </time>
          <time>
            <startTime>2021-05-19T00:00:00+08:00</startTime>
            <endTime>2021-05-20T00:00:00+08:00</endTime>
            <elementValue>
              <value>38</value>
              <measures>C</measures>
            </elementValue>
          </time>
        </weatherElement>
        <weatherElement>
          <elementName>MinAT</elementName>
          <description>minimum athletic temperature</description>
          <time>
            <startTime>2021-05-13T06:00:00+08:00</startTime>
            <endTime>2021-05-14T00:00:00+08:00</endTime>
            <elementValue>
              <value>28</value>
              <measures>C</measures>
            </elementValue>
          </time>
          <time>
            <startTime>2021-05-14T00:00:00+08:00</startTime>
            <endTime>2021-05-15T00:00:00+08:00</endTime>
            <elementValue>
              <value>28</value>
              <measures>C</measures>
            </elementValue>
          </time>
          <time>
            <startTime>2021-05-15T00:00:00+08:00</startTime>
            <endTime>2021-05-16T00:00:00+08:00</endTime>
            <elementValue>
              <value>28</value>
              <measures>C</measures>
            </elementValue>
          </time>
          <time>
            <startTime>2021-05-16T00:00:00+08:00</startTime>
            <endTime>2021-05-17T00:00:00+08:00</endTime>
            <elementValue>
              <value>29</value>
              <measures>C</measures>
            </elementValue>
          </time>
          <time>
            <startTime>2021-05-17T00:00:00+08:00</startTime>
            <endTime>2021-05-18T00:00:00+08:00</endTime>
            <elementValue>
              <value>28</value>
              <measures>C</measures>
            </elementValue>
          </time>
          <time>
            <startTime>2021-05-18T00:00:00+08:00</startTime>
            <endTime>2021-05-19T00:00:00+08:00</endTime>
            <elementValue>
              <value>28</value>
              <measures>C</measures>
            </elementValue>
          </time>
          <time>
            <startTime>2021-05-19T00:00:00+08:00</startTime>
            <endTime>2021-05-20T00:00:00+08:00</endTime>
            <elementValue>
              <value>27</value>
              <measures>C</measures>
            </elementValue>
          </time>
        </weatherElement>
        <weatherElement>
          <elementName>MaxCI</elementName>
          <description>maximum comfort index</description>
          <time>
            <startTime>2021-05-13T06:00:00+08:00</startTime>
            <endTime>2021-05-14T00:00:00+08:00</endTime>
            <elementValue>
              <value>34</value>
              <measures>NA</measures>
            </elementValue>
            <elementValue>
              <value>Extremely hot</value>
              <measures>define CI text by self</measures>
            </elementValue>
          </time>
          <time>
            <startTime>2021-05-14T00:00:00+08:00</startTime>
            <endTime>2021-05-15T00:00:00+08:00</endTime>
            <elementValue>
              <value>30</value>
              <measures>NA</measures>
            </elementValue>
            <elementValue>
              <value>Hot</value>
              <measures>define CI text by self</measures>
            </elementValue>
          </time>
          <time>
            <startTime>2021-05-15T00:00:00+08:00</startTime>
            <endTime>2021-05-16T00:00:00+08:00</endTime>
            <elementValue>
              <value>31</value>
              <measures>NA</measures>
            </elementValue>
            <elementValue>
              <value>Extremely hot</value>
              <measures>define CI text by self</measures>
            </elementValue>
          </time>
          <time>
            <startTime>2021-05-16T00:00:00+08:00</startTime>
            <endTime>2021-05-17T00:00:00+08:00</endTime>
            <elementValue>
              <value>31</value>
              <measures>NA</measures>
            </elementValue>
            <elementValue>
              <value>Extremely hot</value>
              <measures>define CI text by self</measures>
            </elementValue>
          </time>
          <time>
            <startTime>2021-05-17T00:00:00+08:00</startTime>
            <endTime>2021-05-18T00:00:00+08:00</endTime>
            <elementValue>
              <value>31</value>
              <measures>NA</measures>
            </elementValue>
            <elementValue>
              <value>Extremely hot</value>
              <measures>define CI text by self</measures>
            </elementValue>
          </time>
          <time>
            <startTime>2021-05-18T00:00:00+08:00</startTime>
            <endTime>2021-05-19T00:00:00+08:00</endTime>
            <elementValue>
              <value>30</value>
              <measures>NA</measures>
            </elementValue>
            <elementValue>
              <value>Hot</value>
              <measures>define CI text by self</measures>
            </elementValue>
          </time>
          <time>
            <startTime>2021-05-19T00:00:00+08:00</startTime>
            <endTime>2021-05-20T00:00:00+08:00</endTime>
            <elementValue>
              <value>29</value>
              <measures>NA</measures>
            </elementValue>
            <elementValue>
              <value>Hot</value>
              <measures>define CI text by self</measures>
            </elementValue>
          </time>
        </weatherElement>
        <weatherElement>
          <elementName>MinCI</elementName>
          <description>minimum comfort index</description>
          <time>
            <startTime>2021-05-13T06:00:00+08:00</startTime>
            <endTime>2021-05-14T00:00:00+08:00</endTime>
            <elementValue>
              <value>24</value>
              <measures>NA</measures>
            </elementValue>
            <elementValue>
              <value>Comfortable</value>
              <measures>define CI text by self</measures>
            </elementValue>
          </time>
          <time>
            <startTime>2021-05-14T00:00:00+08:00</startTime>
            <endTime>2021-05-15T00:00:00+08:00</endTime>
            <elementValue>
              <value>24</value>
              <measures>NA</measures>
            </elementValue>
            <elementValue>
              <value>Comfortable</value>
              <measures>define CI text by self</measures>
            </elementValue>
          </time>
          <time>
            <startTime>2021-05-15T00:00:00+08:00</startTime>
            <endTime>2021-05-16T00:00:00+08:00</endTime>
            <elementValue>
              <value>24</value>
              <measures>NA</measures>
            </elementValue>
            <elementValue>
              <value>Comfortable</value>
              <measures>define CI text by self</measures>
            </elementValue>
          </time>
          <time>
            <startTime>2021-05-16T00:00:00+08:00</startTime>
            <endTime>2021-05-17T00:00:00+08:00</endTime>
            <elementValue>
              <value>25</value>
              <measures>NA</measures>
            </elementValue>
            <elementValue>
              <value>Comfortable</value>
              <measures>define CI text by self</measures>
            </elementValue>
          </time>
          <time>
            <startTime>2021-05-17T00:00:00+08:00</startTime>
            <endTime>2021-05-18T00:00:00+08:00</endTime>
            <elementValue>
              <value>24</value>
              <measures>NA</measures>
            </elementValue>
            <elementValue>
              <value>Comfortable</value>
              <measures>define CI text by self</measures>
            </elementValue>
          </time>
          <time>
            <startTime>2021-05-18T00:00:00+08:00</startTime>
            <endTime>2021-05-19T00:00:00+08:00</endTime>
            <elementValue>
              <value>24</value>
              <measures>NA</measures>
            </elementValue>
            <elementValue>
              <value>Comfortable</value>
              <measures>define CI text by self</measures>
            </elementValue>
          </time>
          <time>
            <startTime>2021-05-19T00:00:00+08:00</startTime>
            <endTime>2021-05-20T00:00:00+08:00</endTime>
            <elementValue>
              <value>23</value>
              <measures>NA</measures>
            </elementValue>
            <elementValue>
              <value>Comfortable</value>
              <measures>define CI text by self</measures>
            </elementValue>
          </time>
        </weatherElement>
        <weatherElement>
          <elementName>PoP24h</elementName>
          <description>24 hours probability of precipitation</description>
          <time>
            <startTime>2021-05-13T06:00:00+08:00</startTime>
            <endTime>2021-05-14T00:00:00+08:00</endTime>
            <elementValue>
              <value>10</value>
              <measures>%</measures>
            </elementValue>
          </time>
          <time>
            <startTime>2021-05-14T00:00:00+08:00</startTime>
            <endTime>2021-05-15T00:00:00+08:00</endTime>
            <elementValue>
              <value>10</value>
              <measures>%</measures>
            </elementValue>
          </time>
          <time>
            <startTime>2021-05-15T00:00:00+08:00</startTime>
            <endTime>2021-05-16T00:00:00+08:00</endTime>
            <elementValue>
              <value>10</value>
              <measures>%</measures>
            </elementValue>
          </time>
          <time>
            <startTime>2021-05-16T00:00:00+08:00</startTime>
            <endTime>2021-05-17T00:00:00+08:00</endTime>
            <elementValue>
              <value> </value>
              <measures>%</measures>
            </elementValue>
          </time>
          <time>
            <startTime>2021-05-17T00:00:00+08:00</startTime>
            <endTime>2021-05-18T00:00:00+08:00</endTime>
            <elementValue>
              <value> </value>
              <measures>%</measures>
            </elementValue>
          </time>
          <time>
            <startTime>2021-05-18T00:00:00+08:00</startTime>
            <endTime>2021-05-19T00:00:00+08:00</endTime>
            <elementValue>
              <value> </value>
              <measures>%</measures>
            </elementValue>
          </time>
          <time>
            <startTime>2021-05-19T00:00:00+08:00</startTime>
            <endTime>2021-05-20T00:00:00+08:00</endTime>
            <elementValue>
              <value> </value>
              <measures>%</measures>
            </elementValue>
          </time>
        </weatherElement>
        <weatherElement>
          <elementName>WD</elementName>
          <description>wind direction</description>
          <time>
            <startTime>2021-05-13T06:00:00+08:00</startTime>
            <endTime>2021-05-14T00:00:00+08:00</endTime>
            <elementValue>
              <value>SW</value>
              <measures>8 directions</measures>
            </elementValue>
          </time>
          <time>
            <startTime>2021-05-14T00:00:00+08:00</startTime>
            <endTime>2021-05-15T00:00:00+08:00</endTime>
            <elementValue>
              <value>SW</value>
              <measures>8 directions</measures>
            </elementValue>
          </time>
          <time>
            <startTime>2021-05-15T00:00:00+08:00</startTime>
            <endTime>2021-05-16T00:00:00+08:00</endTime>
            <elementValue>
              <value>SW</value>
              <measures>8 directions</measures>
            </elementValue>
          </time>
          <time>
            <startTime>2021-05-16T00:00:00+08:00</startTime>
            <endTime>2021-05-17T00:00:00+08:00</endTime>
            <elementValue>
              <value>S</value>
              <measures>8 directions</measures>
            </elementValue>
          </time>
          <time>
            <startTime>2021-05-17T00:00:00+08:00</startTime>
            <endTime>2021-05-18T00:00:00+08:00</endTime>
            <elementValue>
              <value>SW</value>
              <measures>8 directions</measures>
            </elementValue>
          </time>
          <time>
            <startTime>2021-05-18T00:00:00+08:00</startTime>
            <endTime>2021-05-19T00:00:00+08:00</endTime>
            <elementValue>
              <value>S</value>
              <measures>8 directions</measures>
            </elementValue>
          </time>
          <time>
            <startTime>2021-05-19T00:00:00+08:00</startTime>
            <endTime>2021-05-20T00:00:00+08:00</endTime>
            <elementValue>
              <value>NE</value>
              <measures>8 directions</measures>
            </elementValue>
          </time>
        </weatherElement>
        <weatherElement>
          <elementName>WS</elementName>
          <description>maximum of wind speed</description>
          <time>
            <startTime>2021-05-13T06:00:00+08:00</startTime>
            <endTime>2021-05-14T00:00:00+08:00</endTime>
            <elementValue>
              <value>4</value>
              <measures>m/s</measures>
            </elementValue>
            <elementValue>
              <value>3</value>
              <measures>Beaufort</measures>
            </elementValue>
          </time>
          <time>
            <startTime>2021-05-14T00:00:00+08:00</startTime>
            <endTime>2021-05-15T00:00:00+08:00</endTime>
            <elementValue>
              <value>4</value>
              <measures>m/s</measures>
            </elementValue>
            <elementValue>
              <value>3</value>
              <measures>Beaufort</measures>
            </elementValue>
          </time>
          <time>
            <startTime>2021-05-15T00:00:00+08:00</startTime>
            <endTime>2021-05-16T00:00:00+08:00</endTime>
            <elementValue>
              <value>4</value>
              <measures>m/s</measures>
            </elementValue>
            <elementValue>
              <value>3</value>
              <measures>Beaufort</measures>
            </elementValue>
          </time>
          <time>
            <startTime>2021-05-16T00:00:00+08:00</startTime>
            <endTime>2021-05-17T00:00:00+08:00</endTime>
            <elementValue>
              <value>3</value>
              <measures>m/s</measures>
            </elementValue>
            <elementValue>
              <value>2</value>
              <measures>Beaufort</measures>
            </elementValue>
          </time>
          <time>
            <startTime>2021-05-17T00:00:00+08:00</startTime>
            <endTime>2021-05-18T00:00:00+08:00</endTime>
            <elementValue>
              <value>2</value>
              <measures>m/s</measures>
            </elementValue>
            <elementValue>
              <value>2</value>
              <measures>Beaufort</measures>
            </elementValue>
          </time>
          <time>
            <startTime>2021-05-18T00:00:00+08:00</startTime>
            <endTime>2021-05-19T00:00:00+08:00</endTime>
            <elementValue>
              <value>3</value>
              <measures>m/s</measures>
            </elementValue>
            <elementValue>
              <value>2</value>
              <measures>Beaufort</measures>
            </elementValue>
          </time>
          <time>
            <startTime>2021-05-19T00:00:00+08:00</startTime>
            <endTime>2021-05-20T00:00:00+08:00</endTime>
            <elementValue>
              <value>3</value>
              <measures>m/s</measures>
            </elementValue>
            <elementValue>
              <value>2</value>
              <measures>Beaufort</measures>
            </elementValue>
          </time>
        </weatherElement>
        <weatherElement>
          <elementName>Wx</elementName>
          <description>weather</description>
          <time>
            <startTime>2021-05-13T06:00:00+08:00</startTime>
            <endTime>2021-05-14T00:00:00+08:00</endTime>
            <elementValue>
              <value>Mostly clear</value>
              <measures>define Wx text by self</measures>
            </elementValue>
            <elementValue>
              <value>02</value>
              <measures>define Wx unit by self</measures>
            </elementValue>
          </time>
          <time>
            <startTime>2021-05-14T00:00:00+08:00</startTime>
            <endTime>2021-05-15T00:00:00+08:00</endTime>
            <elementValue>
              <value>Mostly clear</value>
              <measures>define Wx text by self</measures>
            </elementValue>
            <elementValue>
              <value>02</value>
              <measures>define Wx unit by self</measures>
            </elementValue>
          </time>
          <time>
            <startTime>2021-05-15T00:00:00+08:00</startTime>
            <endTime>2021-05-16T00:00:00+08:00</endTime>
            <elementValue>
              <value>Mostly clear</value>
              <measures>define Wx text by self</measures>
            </elementValue>
            <elementValue>
              <value>02</value>
              <measures>define Wx unit by self</measures>
            </elementValue>
          </time>
          <time>
            <startTime>2021-05-16T00:00:00+08:00</startTime>
            <endTime>2021-05-17T00:00:00+08:00</endTime>
            <elementValue>
              <value>Mostly clear</value>
              <measures>define Wx text by self</measures>
            </elementValue>
            <elementValue>
              <value>02</value>
              <measures>define Wx unit by self</measures>
            </elementValue>
          </time>
          <time>
            <startTime>2021-05-17T00:00:00+08:00</startTime>
            <endTime>2021-05-18T00:00:00+08:00</endTime>
            <elementValue>
              <value>Mostly clear</value>
              <measures>define Wx text by self</measures>
            </elementValue>
            <elementValue>
              <value>02</value>
              <measures>define Wx unit by self</measures>
            </elementValue>
          </time>
          <time>
            <startTime>2021-05-18T00:00:00+08:00</startTime>
            <endTime>2021-05-19T00:00:00+08:00</endTime>
            <elementValue>
              <value>Partly cloudy</value>
              <measures>define Wx text by self</measures>
            </elementValue>
            <elementValue>
              <value>04</value>
              <measures>define Wx unit by self</measures>
            </elementValue>
          </time>
          <time>
            <startTime>2021-05-19T00:00:00+08:00</startTime>
            <endTime>2021-05-20T00:00:00+08:00</endTime>
            <elementValue>
              <value>Mostly clear</value>
              <measures>define Wx text by self</measures>
            </elementValue>
            <elementValue>
              <value>02</value>
              <measures>define Wx unit by self</measures>
            </elementValue>
          </time>
        </weatherElement>
        <weatherElement>
          <elementName>UVI</elementName>
          <description>Ultraviolet index</description>
          <time>
            <startTime>2021-05-13T06:00:00+08:00</startTime>
            <endTime>2021-05-13T18:00:00+08:00</endTime>
            <elementValue>
              <value>10</value>
              <measures>UV Index</measures>
            </elementValue>
            <elementValue>
              <value>Very High</value>
              <measures>Exposure Level</measures>
            </elementValue>
          </time>
          <time>
            <startTime>2021-05-14T06:00:00+08:00</startTime>
            <endTime>2021-05-14T18:00:00+08:00</endTime>
            <elementValue>
              <value>11</value>
              <measures>UV Index</measures>
            </elementValue>
            <elementValue>
              <value>Extreme</value>
              <measures>Exposure Level</measures>
            </elementValue>
          </time>
          <time>
            <startTime>2021-05-15T06:00:00+08:00</startTime>
            <endTime>2021-05-15T18:00:00+08:00</endTime>
            <elementValue>
              <value>10</value>
              <measures>UV Index</measures>
            </elementValue>
            <elementValue>
              <value>Very High</value>
              <measures>Exposure Level</measures>
            </elementValue>
          </time>
          <time>
            <startTime>2021-05-16T06:00:00+08:00</startTime>
            <endTime>2021-05-16T18:00:00+08:00</endTime>
            <elementValue>
              <value>10</value>
              <measures>UV Index</measures>
            </elementValue>
            <elementValue>
              <value>Very High</value>
              <measures>Exposure Level</measures>
            </elementValue>
          </time>
          <time>
            <startTime>2021-05-17T06:00:00+08:00</startTime>
            <endTime>2021-05-17T18:00:00+08:00</endTime>
            <elementValue>
              <value>11</value>
              <measures>UV Index</measures>
            </elementValue>
            <elementValue>
              <value>Extreme</value>
              <measures>Exposure Level</measures>
            </elementValue>
          </time>
          <time>
            <startTime>2021-05-18T06:00:00+08:00</startTime>
            <endTime>2021-05-18T18:00:00+08:00</endTime>
            <elementValue>
              <value>9</value>
              <measures>UV Index</measures>
            </elementValue>
            <elementValue>
              <value>Very High</value>
              <measures>Exposure Level</measures>
            </elementValue>
          </time>
          <time>
            <startTime>2021-05-19T06:00:00+08:00</startTime>
            <endTime>2021-05-19T18:00:00+08:00</endTime>
            <elementValue>
              <value>9</value>
              <measures>UV Index</measures>
            </elementValue>
            <elementValue>
              <value>Very High</value>
              <measures>Exposure Level</measures>
            </elementValue>
          </time>
        </weatherElement>
        <weatherElement>
          <elementName>WeatherDescription</elementName>
          <description>weather description</description>
          <time>
            <startTime>2021-05-13T06:00:00+08:00</startTime>
            <endTime>2021-05-14T00:00:00+08:00</endTime>
            <elementValue>
              <value>Mostly clear. Temperature between 25 and 36 centigrade. Comfortable~Extremely hot. SW wind 4m/s. Chance of precipitation 10%.</value>
              <measures>NA</measures>
            </elementValue>
          </time>
          <time>
            <startTime>2021-05-14T00:00:00+08:00</startTime>
            <endTime>2021-05-15T00:00:00+08:00</endTime>
            <elementValue>
              <value>Mostly clear. Temperature between 25 and 36 centigrade. Comfortable~Hot. SW wind 4m/s. Chance of precipitation 10%.</value>
              <measures>NA</measures>
            </elementValue>
          </time>
          <time>
            <startTime>2021-05-15T00:00:00+08:00</startTime>
            <endTime>2021-05-16T00:00:00+08:00</endTime>
            <elementValue>
              <value>Mostly clear. Temperature between 25 and 36 centigrade. Comfortable~Extremely hot. SW wind 4m/s. Chance of precipitation 10%.</value>
              <measures>NA</measures>
            </elementValue>
          </time>
          <time>
            <startTime>2021-05-16T00:00:00+08:00</startTime>
            <endTime>2021-05-17T00:00:00+08:00</endTime>
            <elementValue>
              <value>Mostly clear. Temperature between 26 and 36 centigrade. Comfortable~Extremely hot. S wind 3m/s. </value>
              <measures>NA</measures>
            </elementValue>
          </time>
          <time>
            <startTime>2021-05-17T00:00:00+08:00</startTime>
            <endTime>2021-05-18T00:00:00+08:00</endTime>
            <elementValue>
              <value>Mostly clear. Temperature between 25 and 36 centigrade. Comfortable~Extremely hot. SW wind 2m/s. </value>
              <measures>NA</measures>
            </elementValue>
          </time>
          <time>
            <startTime>2021-05-18T00:00:00+08:00</startTime>
            <endTime>2021-05-19T00:00:00+08:00</endTime>
            <elementValue>
              <value>Partly cloudy. Temperature between 25 and 34 centigrade. Comfortable~Hot. S wind 3m/s. </value>
              <measures>NA</measures>
            </elementValue>
          </time>
          <time>
            <startTime>2021-05-19T00:00:00+08:00</startTime>
            <endTime>2021-05-20T00:00:00+08:00</endTime>
            <elementValue>
              <value>Mostly clear. Temperature between 24 and 33 centigrade. Comfortable~Hot. NE wind 3m/s. </value>
              <measures>NA</measures>
            </elementValue>
          </time>
        </weatherElement>
      </location>
      <location>
        <locationName>West District</locationName>
        <geocode>10020020</geocode>
        <lat>23.466267</lat>
        <lon>120.427285</lon>
        <weatherElement>
          <elementName>T</elementName>
          <description>average of temperature</description>
          <time>
            <startTime>2021-05-13T06:00:00+08:00</startTime>
            <endTime>2021-05-14T00:00:00+08:00</endTime>
            <elementValue>
              <value>31</value>
              <measures>C</measures>
            </elementValue>
          </time>
          <time>
            <startTime>2021-05-14T00:00:00+08:00</startTime>
            <endTime>2021-05-15T00:00:00+08:00</endTime>
            <elementValue>
              <value>30</value>
              <measures>C</measures>
            </elementValue>
          </time>
          <time>
            <startTime>2021-05-15T00:00:00+08:00</startTime>
            <endTime>2021-05-16T00:00:00+08:00</endTime>
            <elementValue>
              <value>30</value>
              <measures>C</measures>
            </elementValue>
          </time>
          <time>
            <startTime>2021-05-16T00:00:00+08:00</startTime>
            <endTime>2021-05-17T00:00:00+08:00</endTime>
            <elementValue>
              <value>30</value>
              <measures>C</measures>
            </elementValue>
          </time>
          <time>
            <startTime>2021-05-17T00:00:00+08:00</startTime>
            <endTime>2021-05-18T00:00:00+08:00</endTime>
            <elementValue>
              <value>30</value>
              <measures>C</measures>
            </elementValue>
          </time>
          <time>
            <startTime>2021-05-18T00:00:00+08:00</startTime>
            <endTime>2021-05-19T00:00:00+08:00</endTime>
            <elementValue>
              <value>29</value>
              <measures>C</measures>
            </elementValue>
          </time>
          <time>
            <startTime>2021-05-19T00:00:00+08:00</startTime>
            <endTime>2021-05-20T00:00:00+08:00</endTime>
            <elementValue>
              <value>28</value>
              <measures>C</measures>
            </elementValue>
          </time>
        </weatherElement>
        <weatherElement>
          <elementName>Td</elementName>
          <description>average of dew point temperature</description>
          <time>
            <startTime>2021-05-13T06:00:00+08:00</startTime>
            <endTime>2021-05-14T00:00:00+08:00</endTime>
            <elementValue>
              <value>24</value>
              <measures>C</measures>
            </elementValue>
          </time>
          <time>
            <startTime>2021-05-14T00:00:00+08:00</startTime>
            <endTime>2021-05-15T00:00:00+08:00</endTime>
            <elementValue>
              <value>24</value>
              <measures>C</measures>
            </elementValue>
          </time>
          <time>
            <startTime>2021-05-15T00:00:00+08:00</startTime>
            <endTime>2021-05-16T00:00:00+08:00</endTime>
            <elementValue>
              <value>24</value>
              <measures>C</measures>
            </elementValue>
          </time>
          <time>
            <startTime>2021-05-16T00:00:00+08:00</startTime>
            <endTime>2021-05-17T00:00:00+08:00</endTime>
            <elementValue>
              <value>25</value>
              <measures>C</measures>
            </elementValue>
          </time>
          <time>
            <startTime>2021-05-17T00:00:00+08:00</startTime>
            <endTime>2021-05-18T00:00:00+08:00</endTime>
            <elementValue>
              <value>25</value>
              <measures>C</measures>
            </elementValue>
          </time>
          <time>
            <startTime>2021-05-18T00:00:00+08:00</startTime>
            <endTime>2021-05-19T00:00:00+08:00</endTime>
            <elementValue>
              <value>24</value>
              <measures>C</measures>
            </elementValue>
          </time>
          <time>
            <startTime>2021-05-19T00:00:00+08:00</startTime>
            <endTime>2021-05-20T00:00:00+08:00</endTime>
            <elementValue>
              <value>24</value>
              <measures>C</measures>
            </elementValue>
          </time>
        </weatherElement>
        <weatherElement>
          <elementName>RH</elementName>
          <description>average of relative humidity</description>
          <time>
            <startTime>2021-05-13T06:00:00+08:00</startTime>
            <endTime>2021-05-14T00:00:00+08:00</endTime>
            <elementValue>
              <value>65</value>
              <measures>%</measures>
            </elementValue>
          </time>
          <time>
            <startTime>2021-05-14T00:00:00+08:00</startTime>
            <endTime>2021-05-15T00:00:00+08:00</endTime>
            <elementValue>
              <value>70</value>
              <measures>%</measures>
            </elementValue>
          </time>
          <time>
            <startTime>2021-05-15T00:00:00+08:00</startTime>
            <endTime>2021-05-16T00:00:00+08:00</endTime>
            <elementValue>
              <value>71</value>
              <measures>%</measures>
            </elementValue>
          </time>
          <time>
            <startTime>2021-05-16T00:00:00+08:00</startTime>
            <endTime>2021-05-17T00:00:00+08:00</endTime>
            <elementValue>
              <value>74</value>
              <measures>%</measures>
            </elementValue>
          </time>
          <time>
            <startTime>2021-05-17T00:00:00+08:00</startTime>
            <endTime>2021-05-18T00:00:00+08:00</endTime>
            <elementValue>
              <value>76</value>
              <measures>%</measures>
            </elementValue>
          </time>
          <time>
            <startTime>2021-05-18T00:00:00+08:00</startTime>
            <endTime>2021-05-19T00:00:00+08:00</endTime>
            <elementValue>
              <value>76</value>
              <measures>%</measures>
            </elementValue>
          </time>
          <time>
            <startTime>2021-05-19T00:00:00+08:00</startTime>
            <endTime>2021-05-20T00:00:00+08:00</endTime>
            <elementValue>
              <value>77</value>
              <measures>%</measures>
            </elementValue>
          </time>
        </weatherElement>
        <weatherElement>
          <elementName>MaxT</elementName>
          <description>maximum temperature</description>
          <time>
            <startTime>2021-05-13T06:00:00+08:00</startTime>
            <endTime>2021-05-14T00:00:00+08:00</endTime>
            <elementValue>
              <value>35</value>
              <measures>C</measures>
            </elementValue>
          </time>
          <time>
            <startTime>2021-05-14T00:00:00+08:00</startTime>
            <endTime>2021-05-15T00:00:00+08:00</endTime>
            <elementValue>
              <value>36</value>
              <measures>C</measures>
            </elementValue>
          </time>
          <time>
            <startTime>2021-05-15T00:00:00+08:00</startTime>
            <endTime>2021-05-16T00:00:00+08:00</endTime>
            <elementValue>
              <value>36</value>
              <measures>C</measures>
            </elementValue>
          </time>
          <time>
            <startTime>2021-05-16T00:00:00+08:00</startTime>
            <endTime>2021-05-17T00:00:00+08:00</endTime>
            <elementValue>
              <value>36</value>
              <measures>C</measures>
            </elementValue>
          </time>
          <time>
            <startTime>2021-05-17T00:00:00+08:00</startTime>
            <endTime>2021-05-18T00:00:00+08:00</endTime>
            <elementValue>
              <value>36</value>
              <measures>C</measures>
            </elementValue>
          </time>
          <time>
            <startTime>2021-05-18T00:00:00+08:00</startTime>
            <endTime>2021-05-19T00:00:00+08:00</endTime>
            <elementValue>
              <value>34</value>
              <measures>C</measures>
            </elementValue>
          </time>
          <time>
            <startTime>2021-05-19T00:00:00+08:00</startTime>
            <endTime>2021-05-20T00:00:00+08:00</endTime>
            <elementValue>
              <value>33</value>
              <measures>C</measures>
            </elementValue>
          </time>
        </weatherElement>
        <weatherElement>
          <elementName>MinT</elementName>
          <description>minimum temperature</description>
          <time>
            <startTime>2021-05-13T06:00:00+08:00</startTime>
            <endTime>2021-05-14T00:00:00+08:00</endTime>
            <elementValue>
              <value>25</value>
              <measures>C</measures>
            </elementValue>
          </time>
          <time>
            <startTime>2021-05-14T00:00:00+08:00</startTime>
            <endTime>2021-05-15T00:00:00+08:00</endTime>
            <elementValue>
              <value>26</value>
              <measures>C</measures>
            </elementValue>
          </time>
          <time>
            <startTime>2021-05-15T00:00:00+08:00</startTime>
            <endTime>2021-05-16T00:00:00+08:00</endTime>
            <elementValue>
              <value>26</value>
              <measures>C</measures>
            </elementValue>
          </time>
          <time>
            <startTime>2021-05-16T00:00:00+08:00</startTime>
            <endTime>2021-05-17T00:00:00+08:00</endTime>
            <elementValue>
              <value>26</value>
              <measures>C</measures>
            </elementValue>
          </time>
          <time>
            <startTime>2021-05-17T00:00:00+08:00</startTime>
            <endTime>2021-05-18T00:00:00+08:00</endTime>
            <elementValue>
              <value>26</value>
              <measures>C</measures>
            </elementValue>
          </time>
          <time>
            <startTime>2021-05-18T00:00:00+08:00</startTime>
            <endTime>2021-05-19T00:00:00+08:00</endTime>
            <elementValue>
              <value>26</value>
              <measures>C</measures>
            </elementValue>
          </time>
          <time>
            <startTime>2021-05-19T00:00:00+08:00</startTime>
            <endTime>2021-05-20T00:00:00+08:00</endTime>
            <elementValue>
              <value>25</value>
              <measures>C</measures>
            </elementValue>
          </time>
        </weatherElement>
        <weatherElement>
          <elementName>MaxAT</elementName>
          <description>maximum athletic temperature</description>
          <time>
            <startTime>2021-05-13T06:00:00+08:00</startTime>
            <endTime>2021-05-14T00:00:00+08:00</endTime>
            <elementValue>
              <value>41</value>
              <measures>C</measures>
            </elementValue>
          </time>
          <time>
            <startTime>2021-05-14T00:00:00+08:00</startTime>
            <endTime>2021-05-15T00:00:00+08:00</endTime>
            <elementValue>
              <value>40</value>
              <measures>C</measures>
            </elementValue>
          </time>
          <time>
            <startTime>2021-05-15T00:00:00+08:00</startTime>
            <endTime>2021-05-16T00:00:00+08:00</endTime>
            <elementValue>
              <value>41</value>
              <measures>C</measures>
            </elementValue>
          </time>
          <time>
            <startTime>2021-05-16T00:00:00+08:00</startTime>
            <endTime>2021-05-17T00:00:00+08:00</endTime>
            <elementValue>
              <value>41</value>
              <measures>C</measures>
            </elementValue>
          </time>
          <time>
            <startTime>2021-05-17T00:00:00+08:00</startTime>
            <endTime>2021-05-18T00:00:00+08:00</endTime>
            <elementValue>
              <value>41</value>
              <measures>C</measures>
            </elementValue>
          </time>
          <time>
            <startTime>2021-05-18T00:00:00+08:00</startTime>
            <endTime>2021-05-19T00:00:00+08:00</endTime>
            <elementValue>
              <value>40</value>
              <measures>C</measures>
            </elementValue>
          </time>
          <time>
            <startTime>2021-05-19T00:00:00+08:00</startTime>
            <endTime>2021-05-20T00:00:00+08:00</endTime>
            <elementValue>
              <value>38</value>
              <measures>C</measures>
            </elementValue>
          </time>
        </weatherElement>
        <weatherElement>
          <elementName>MinAT</elementName>
          <description>minimum athletic temperature</description>
          <time>
            <startTime>2021-05-13T06:00:00+08:00</startTime>
            <endTime>2021-05-14T00:00:00+08:00</endTime>
            <elementValue>
              <value>28</value>
              <measures>C</measures>
            </elementValue>
          </time>
          <time>
            <startTime>2021-05-14T00:00:00+08:00</startTime>
            <endTime>2021-05-15T00:00:00+08:00</endTime>
            <elementValue>
              <value>29</value>
              <measures>C</measures>
            </elementValue>
          </time>
          <time>
            <startTime>2021-05-15T00:00:00+08:00</startTime>
            <endTime>2021-05-16T00:00:00+08:00</endTime>
            <elementValue>
              <value>29</value>
              <measures>C</measures>
            </elementValue>
          </time>
          <time>
            <startTime>2021-05-16T00:00:00+08:00</startTime>
            <endTime>2021-05-17T00:00:00+08:00</endTime>
            <elementValue>
              <value>29</value>
              <measures>C</measures>
            </elementValue>
          </time>
          <time>
            <startTime>2021-05-17T00:00:00+08:00</startTime>
            <endTime>2021-05-18T00:00:00+08:00</endTime>
            <elementValue>
              <value>28</value>
              <measures>C</measures>
            </elementValue>
          </time>
          <time>
            <startTime>2021-05-18T00:00:00+08:00</startTime>
            <endTime>2021-05-19T00:00:00+08:00</endTime>
            <elementValue>
              <value>28</value>
              <measures>C</measures>
            </elementValue>
          </time>
          <time>
            <startTime>2021-05-19T00:00:00+08:00</startTime>
            <endTime>2021-05-20T00:00:00+08:00</endTime>
            <elementValue>
              <value>27</value>
              <measures>C</measures>
            </elementValue>
          </time>
        </weatherElement>
        <weatherElement>
          <elementName>MaxCI</elementName>
          <description>maximum comfort index</description>
          <time>
            <startTime>2021-05-13T06:00:00+08:00</startTime>
            <endTime>2021-05-14T00:00:00+08:00</endTime>
            <elementValue>
              <value>35</value>
              <measures>NA</measures>
            </elementValue>
            <elementValue>
              <value>Extremely hot</value>
              <measures>define CI text by self</measures>
            </elementValue>
          </time>
          <time>
            <startTime>2021-05-14T00:00:00+08:00</startTime>
            <endTime>2021-05-15T00:00:00+08:00</endTime>
            <elementValue>
              <value>30</value>
              <measures>NA</measures>
            </elementValue>
            <elementValue>
              <value>Hot</value>
              <measures>define CI text by self</measures>
            </elementValue>
          </time>
          <time>
            <startTime>2021-05-15T00:00:00+08:00</startTime>
            <endTime>2021-05-16T00:00:00+08:00</endTime>
            <elementValue>
              <value>31</value>
              <measures>NA</measures>
            </elementValue>
            <elementValue>
              <value>Extremely hot</value>
              <measures>define CI text by self</measures>
            </elementValue>
          </time>
          <time>
            <startTime>2021-05-16T00:00:00+08:00</startTime>
            <endTime>2021-05-17T00:00:00+08:00</endTime>
            <elementValue>
              <value>31</value>
              <measures>NA</measures>
            </elementValue>
            <elementValue>
              <value>Extremely hot</value>
              <measures>define CI text by self</measures>
            </elementValue>
          </time>
          <time>
            <startTime>2021-05-17T00:00:00+08:00</startTime>
            <endTime>2021-05-18T00:00:00+08:00</endTime>
            <elementValue>
              <value>31</value>
              <measures>NA</measures>
            </elementValue>
            <elementValue>
              <value>Extremely hot</value>
              <measures>define CI text by self</measures>
            </elementValue>
          </time>
          <time>
            <startTime>2021-05-18T00:00:00+08:00</startTime>
            <endTime>2021-05-19T00:00:00+08:00</endTime>
            <elementValue>
              <value>30</value>
              <measures>NA</measures>
            </elementValue>
            <elementValue>
              <value>Hot</value>
              <measures>define CI text by self</measures>
            </elementValue>
          </time>
          <time>
            <startTime>2021-05-19T00:00:00+08:00</startTime>
            <endTime>2021-05-20T00:00:00+08:00</endTime>
            <elementValue>
              <value>29</value>
              <measures>NA</measures>
            </elementValue>
            <elementValue>
              <value>Hot</value>
              <measures>define CI text by self</measures>
            </elementValue>
          </time>
        </weatherElement>
        <weatherElement>
          <elementName>MinCI</elementName>
          <description>minimum comfort index</description>
          <time>
            <startTime>2021-05-13T06:00:00+08:00</startTime>
            <endTime>2021-05-14T00:00:00+08:00</endTime>
            <elementValue>
              <value>24</value>
              <measures>NA</measures>
            </elementValue>
            <elementValue>
              <value>Comfortable</value>
              <measures>define CI text by self</measures>
            </elementValue>
          </time>
          <time>
            <startTime>2021-05-14T00:00:00+08:00</startTime>
            <endTime>2021-05-15T00:00:00+08:00</endTime>
            <elementValue>
              <value>25</value>
              <measures>NA</measures>
            </elementValue>
            <elementValue>
              <value>Comfortable</value>
              <measures>define CI text by self</measures>
            </elementValue>
          </time>
          <time>
            <startTime>2021-05-15T00:00:00+08:00</startTime>
            <endTime>2021-05-16T00:00:00+08:00</endTime>
            <elementValue>
              <value>24</value>
              <measures>NA</measures>
            </elementValue>
            <elementValue>
              <value>Comfortable</value>
              <measures>define CI text by self</measures>
            </elementValue>
          </time>
          <time>
            <startTime>2021-05-16T00:00:00+08:00</startTime>
            <endTime>2021-05-17T00:00:00+08:00</endTime>
            <elementValue>
              <value>25</value>
              <measures>NA</measures>
            </elementValue>
            <elementValue>
              <value>Comfortable</value>
              <measures>define CI text by self</measures>
            </elementValue>
          </time>
          <time>
            <startTime>2021-05-17T00:00:00+08:00</startTime>
            <endTime>2021-05-18T00:00:00+08:00</endTime>
            <elementValue>
              <value>24</value>
              <measures>NA</measures>
            </elementValue>
            <elementValue>
              <value>Comfortable</value>
              <measures>define CI text by self</measures>
            </elementValue>
          </time>
          <time>
            <startTime>2021-05-18T00:00:00+08:00</startTime>
            <endTime>2021-05-19T00:00:00+08:00</endTime>
            <elementValue>
              <value>24</value>
              <measures>NA</measures>
            </elementValue>
            <elementValue>
              <value>Comfortable</value>
              <measures>define CI text by self</measures>
            </elementValue>
          </time>
          <time>
            <startTime>2021-05-19T00:00:00+08:00</startTime>
            <endTime>2021-05-20T00:00:00+08:00</endTime>
            <elementValue>
              <value>24</value>
              <measures>NA</measures>
            </elementValue>
            <elementValue>
              <value>Comfortable</value>
              <measures>define CI text by self</measures>
            </elementValue>
          </time>
        </weatherElement>
        <weatherElement>
          <elementName>PoP24h</elementName>
          <description>24 hours probability of precipitation</description>
          <time>
            <startTime>2021-05-13T06:00:00+08:00</startTime>
            <endTime>2021-05-14T00:00:00+08:00</endTime>
            <elementValue>
              <value>10</value>
              <measures>%</measures>
            </elementValue>
          </time>
          <time>
            <startTime>2021-05-14T00:00:00+08:00</startTime>
            <endTime>2021-05-15T00:00:00+08:00</endTime>
            <elementValue>
              <value>0</value>
              <measures>%</measures>
            </elementValue>
          </time>
          <time>
            <startTime>2021-05-15T00:00:00+08:00</startTime>
            <endTime>2021-05-16T00:00:00+08:00</endTime>
            <elementValue>
              <value>10</value>
              <measures>%</measures>
            </elementValue>
          </time>
          <time>
            <startTime>2021-05-16T00:00:00+08:00</startTime>
            <endTime>2021-05-17T00:00:00+08:00</endTime>
            <elementValue>
              <value> </value>
              <measures>%</measures>
            </elementValue>
          </time>
          <time>
            <startTime>2021-05-17T00:00:00+08:00</startTime>
            <endTime>2021-05-18T00:00:00+08:00</endTime>
            <elementValue>
              <value> </value>
              <measures>%</measures>
            </elementValue>
          </time>
          <time>
            <startTime>2021-05-18T00:00:00+08:00</startTime>
            <endTime>2021-05-19T00:00:00+08:00</endTime>
            <elementValue>
              <value> </value>
              <measures>%</measures>
            </elementValue>
          </time>
          <time>
            <startTime>2021-05-19T00:00:00+08:00</startTime>
            <endTime>2021-05-20T00:00:00+08:00</endTime>
            <elementValue>
              <value> </value>
              <measures>%</measures>
            </elementValue>
          </time>
        </weatherElement>
        <weatherElement>
          <elementName>WD</elementName>
          <description>wind direction</description>
          <time>
            <startTime>2021-05-13T06:00:00+08:00</startTime>
            <endTime>2021-05-14T00:00:00+08:00</endTime>
            <elementValue>
              <value>SW</value>
              <measures>8 directions</measures>
            </elementValue>
          </time>
          <time>
            <startTime>2021-05-14T00:00:00+08:00</startTime>
            <endTime>2021-05-15T00:00:00+08:00</endTime>
            <elementValue>
              <value>SW</value>
              <measures>8 directions</measures>
            </elementValue>
          </time>
          <time>
            <startTime>2021-05-15T00:00:00+08:00</startTime>
            <endTime>2021-05-16T00:00:00+08:00</endTime>
            <elementValue>
              <value>SW</value>
              <measures>8 directions</measures>
            </elementValue>
          </time>
          <time>
            <startTime>2021-05-16T00:00:00+08:00</startTime>
            <endTime>2021-05-17T00:00:00+08:00</endTime>
            <elementValue>
              <value>S</value>
              <measures>8 directions</measures>
            </elementValue>
          </time>
          <time>
            <startTime>2021-05-17T00:00:00+08:00</startTime>
            <endTime>2021-05-18T00:00:00+08:00</endTime>
            <elementValue>
              <value>SW</value>
              <measures>8 directions</measures>
            </elementValue>
          </time>
          <time>
            <startTime>2021-05-18T00:00:00+08:00</startTime>
            <endTime>2021-05-19T00:00:00+08:00</endTime>
            <elementValue>
              <value>S</value>
              <measures>8 directions</measures>
            </elementValue>
          </time>
          <time>
            <startTime>2021-05-19T00:00:00+08:00</startTime>
            <endTime>2021-05-20T00:00:00+08:00</endTime>
            <elementValue>
              <value>NE</value>
              <measures>8 directions</measures>
            </elementValue>
          </time>
        </weatherElement>
        <weatherElement>
          <elementName>WS</elementName>
          <description>maximum of wind speed</description>
          <time>
            <startTime>2021-05-13T06:00:00+08:00</startTime>
            <endTime>2021-05-14T00:00:00+08:00</endTime>
            <elementValue>
              <value>4</value>
              <measures>m/s</measures>
            </elementValue>
            <elementValue>
              <value>3</value>
              <measures>Beaufort</measures>
            </elementValue>
          </time>
          <time>
            <startTime>2021-05-14T00:00:00+08:00</startTime>
            <endTime>2021-05-15T00:00:00+08:00</endTime>
            <elementValue>
              <value>4</value>
              <measures>m/s</measures>
            </elementValue>
            <elementValue>
              <value>3</value>
              <measures>Beaufort</measures>
            </elementValue>
          </time>
          <time>
            <startTime>2021-05-15T00:00:00+08:00</startTime>
            <endTime>2021-05-16T00:00:00+08:00</endTime>
            <elementValue>
              <value>4</value>
              <measures>m/s</measures>
            </elementValue>
            <elementValue>
              <value>3</value>
              <measures>Beaufort</measures>
            </elementValue>
          </time>
          <time>
            <startTime>2021-05-16T00:00:00+08:00</startTime>
            <endTime>2021-05-17T00:00:00+08:00</endTime>
            <elementValue>
              <value>5</value>
              <measures>m/s</measures>
            </elementValue>
            <elementValue>
              <value>3</value>
              <measures>Beaufort</measures>
            </elementValue>
          </time>
          <time>
            <startTime>2021-05-17T00:00:00+08:00</startTime>
            <endTime>2021-05-18T00:00:00+08:00</endTime>
            <elementValue>
              <value>3</value>
              <measures>m/s</measures>
            </elementValue>
            <elementValue>
              <value>2</value>
              <measures>Beaufort</measures>
            </elementValue>
          </time>
          <time>
            <startTime>2021-05-18T00:00:00+08:00</startTime>
            <endTime>2021-05-19T00:00:00+08:00</endTime>
            <elementValue>
              <value>3</value>
              <measures>m/s</measures>
            </elementValue>
            <elementValue>
              <value>2</value>
              <measures>Beaufort</measures>
            </elementValue>
          </time>
          <time>
            <startTime>2021-05-19T00:00:00+08:00</startTime>
            <endTime>2021-05-20T00:00:00+08:00</endTime>
            <elementValue>
              <value>3</value>
              <measures>m/s</measures>
            </elementValue>
            <elementValue>
              <value>2</value>
              <measures>Beaufort</measures>
            </elementValue>
          </time>
        </weatherElement>
        <weatherElement>
          <elementName>Wx</elementName>
          <description>weather</description>
          <time>
            <startTime>2021-05-13T06:00:00+08:00</startTime>
            <endTime>2021-05-14T00:00:00+08:00</endTime>
            <elementValue>
              <value>Mostly clear</value>
              <measures>define Wx text by self</measures>
            </elementValue>
            <elementValue>
              <value>02</value>
              <measures>define Wx unit by self</measures>
            </elementValue>
          </time>
          <time>
            <startTime>2021-05-14T00:00:00+08:00</startTime>
            <endTime>2021-05-15T00:00:00+08:00</endTime>
            <elementValue>
              <value>Mostly clear</value>
              <measures>define Wx text by self</measures>
            </elementValue>
            <elementValue>
              <value>02</value>
              <measures>define Wx unit by self</measures>
            </elementValue>
          </time>
          <time>
            <startTime>2021-05-15T00:00:00+08:00</startTime>
            <endTime>2021-05-16T00:00:00+08:00</endTime>
            <elementValue>
              <value>Mostly clear</value>
              <measures>define Wx text by self</measures>
            </elementValue>
            <elementValue>
              <value>02</value>
              <measures>define Wx unit by self</measures>
            </elementValue>
          </time>
          <time>
            <startTime>2021-05-16T00:00:00+08:00</startTime>
            <endTime>2021-05-17T00:00:00+08:00</endTime>
            <elementValue>
              <value>Mostly clear</value>
              <measures>define Wx text by self</measures>
            </elementValue>
            <elementValue>
              <value>02</value>
              <measures>define Wx unit by self</measures>
            </elementValue>
          </time>
          <time>
            <startTime>2021-05-17T00:00:00+08:00</startTime>
            <endTime>2021-05-18T00:00:00+08:00</endTime>
            <elementValue>
              <value>Mostly clear</value>
              <measures>define Wx text by self</measures>
            </elementValue>
            <elementValue>
              <value>02</value>
              <measures>define Wx unit by self</measures>
            </elementValue>
          </time>
          <time>
            <startTime>2021-05-18T00:00:00+08:00</startTime>
            <endTime>2021-05-19T00:00:00+08:00</endTime>
            <elementValue>
              <value>Partly cloudy</value>
              <measures>define Wx text by self</measures>
            </elementValue>
            <elementValue>
              <value>04</value>
              <measures>define Wx unit by self</measures>
            </elementValue>
          </time>
          <time>
            <startTime>2021-05-19T00:00:00+08:00</startTime>
            <endTime>2021-05-20T00:00:00+08:00</endTime>
            <elementValue>
              <value>Mostly clear</value>
              <measures>define Wx text by self</measures>
            </elementValue>
            <elementValue>
              <value>02</value>
              <measures>define Wx unit by self</measures>
            </elementValue>
          </time>
        </weatherElement>
        <weatherElement>
          <elementName>UVI</elementName>
          <description>Ultraviolet index</description>
          <time>
            <startTime>2021-05-13T06:00:00+08:00</startTime>
            <endTime>2021-05-13T18:00:00+08:00</endTime>
            <elementValue>
              <value>10</value>
              <measures>UV Index</measures>
            </elementValue>
            <elementValue>
              <value>Very High</value>
              <measures>Exposure Level</measures>
            </elementValue>
          </time>
          <time>
            <startTime>2021-05-14T06:00:00+08:00</startTime>
            <endTime>2021-05-14T18:00:00+08:00</endTime>
            <elementValue>
              <value>11</value>
              <measures>UV Index</measures>
            </elementValue>
            <elementValue>
              <value>Extreme</value>
              <measures>Exposure Level</measures>
            </elementValue>
          </time>
          <time>
            <startTime>2021-05-15T06:00:00+08:00</startTime>
            <endTime>2021-05-15T18:00:00+08:00</endTime>
            <elementValue>
              <value>10</value>
              <measures>UV Index</measures>
            </elementValue>
            <elementValue>
              <value>Very High</value>
              <measures>Exposure Level</measures>
            </elementValue>
          </time>
          <time>
            <startTime>2021-05-16T06:00:00+08:00</startTime>
            <endTime>2021-05-16T18:00:00+08:00</endTime>
            <elementValue>
              <value>10</value>
              <measures>UV Index</measures>
            </elementValue>
            <elementValue>
              <value>Very High</value>
              <measures>Exposure Level</measures>
            </elementValue>
          </time>
          <time>
            <startTime>2021-05-17T06:00:00+08:00</startTime>
            <endTime>2021-05-17T18:00:00+08:00</endTime>
            <elementValue>
              <value>11</value>
              <measures>UV Index</measures>
            </elementValue>
            <elementValue>
              <value>Extreme</value>
              <measures>Exposure Level</measures>
            </elementValue>
          </time>
          <time>
            <startTime>2021-05-18T06:00:00+08:00</startTime>
            <endTime>2021-05-18T18:00:00+08:00</endTime>
            <elementValue>
              <value>9</value>
              <measures>UV Index</measures>
            </elementValue>
            <elementValue>
              <value>Very High</value>
              <measures>Exposure Level</measures>
            </elementValue>
          </time>
          <time>
            <startTime>2021-05-19T06:00:00+08:00</startTime>
            <endTime>2021-05-19T18:00:00+08:00</endTime>
            <elementValue>
              <value>9</value>
              <measures>UV Index</measures>
            </elementValue>
            <elementValue>
              <value>Very High</value>
              <measures>Exposure Level</measures>
            </elementValue>
          </time>
        </weatherElement>
        <weatherElement>
          <elementName>WeatherDescription</elementName>
          <description>weather description</description>
          <time>
            <startTime>2021-05-13T06:00:00+08:00</startTime>
            <endTime>2021-05-14T00:00:00+08:00</endTime>
            <elementValue>
              <value>Mostly clear. Temperature between 25 and 35 centigrade. Comfortable~Extremely hot. SW wind 4m/s. Chance of precipitation 10%.</value>
              <measures>NA</measures>
            </elementValue>
          </time>
          <time>
            <startTime>2021-05-14T00:00:00+08:00</startTime>
            <endTime>2021-05-15T00:00:00+08:00</endTime>
            <elementValue>
              <value>Mostly clear. Temperature between 26 and 36 centigrade. Comfortable~Hot. SW wind 4m/s. Chance of precipitation 0%.</value>
              <measures>NA</measures>
            </elementValue>
          </time>
          <time>
            <startTime>2021-05-15T00:00:00+08:00</startTime>
            <endTime>2021-05-16T00:00:00+08:00</endTime>
            <elementValue>
              <value>Mostly clear. Temperature between 26 and 36 centigrade. Comfortable~Extremely hot. SW wind 4m/s. Chance of precipitation 10%.</value>
              <measures>NA</measures>
            </elementValue>
          </time>
          <time>
            <startTime>2021-05-16T00:00:00+08:00</startTime>
            <endTime>2021-05-17T00:00:00+08:00</endTime>
            <elementValue>
              <value>Mostly clear. Temperature between 26 and 36 centigrade. Comfortable~Extremely hot. S wind 5m/s. </value>
              <measures>NA</measures>
            </elementValue>
          </time>
          <time>
            <startTime>2021-05-17T00:00:00+08:00</startTime>
            <endTime>2021-05-18T00:00:00+08:00</endTime>
            <elementValue>
              <value>Mostly clear. Temperature between 26 and 36 centigrade. Comfortable~Extremely hot. SW wind 3m/s. </value>
              <measures>NA</measures>
            </elementValue>
          </time>
          <time>
            <startTime>2021-05-18T00:00:00+08:00</startTime>
            <endTime>2021-05-19T00:00:00+08:00</endTime>
            <elementValue>
              <value>Partly cloudy. Temperature between 26 and 34 centigrade. Comfortable~Hot. S wind 3m/s. </value>
              <measures>NA</measures>
            </elementValue>
          </time>
          <time>
            <startTime>2021-05-19T00:00:00+08:00</startTime>
            <endTime>2021-05-20T00:00:00+08:00</endTime>
            <elementValue>
              <value>Mostly clear. Temperature between 25 and 33 centigrade. Comfortable~Hot. NE wind 3m/s. </value>
              <measures>NA</measures>
            </elementValue>
          </time>
        </weatherElement>
      </location>
    </locations>
  </dataset>
</cwbopendata>
